index,timestamp_start,timestamp_end,seconds,f_stop,shutter_speed,iso,ev,height_m,distance_m,horizontal_speed_ms,descent_speed_ms,longitude,latitude,zoom
1,"00:00:00,000","00:00:00,533",0.0,1.8,1/1575,114,0.0,18.0,0.0,1.9,0.0,-119.937035,37.56876,1.2
2,"00:00:00,533","00:00:01,066",0.533,1.8,1/1575,114,0.0,18.0,0.0,1.9,0.0,-119.937035,37.56876,1.2
3,"00:00:01,066","00:00:01,599",1.066,1.8,1/1575,114,0.0,20.0,0.1,2.0,0.1,-119.937035,37.56876,1.2
4,"00:00:01,599","00:00:02,132",1.599,1.8,1/1575,114,0.0,20.0,0.1,2.0,0.1,-119.937035,37.56876,1.2
5,"00:00:02,132","00:00:02,665",2.132,1.8,1/1575,114,0.0,22.0,0.1,1.9,0.1,-119.937035,37.56876,1.2
6,"00:00:02,665","00:00:03,198",2.665,1.8,1/1575,114,0.0,24.0,0.0,2.0,0.0,-119.937035,37.56876,1.2
7,"00:00:03,198","00:00:03,731",3.198,1.8,1/1575,114,0.0,24.0,0.0,2.0,0.0,-119.937035,37.56876,1.2
8,"00:00:03,731","00:00:04,264",3.731,1.8,1/1575,114,0.0,26.0,0.0,1.9,0.0,-119.937035,37.56876,1.2
9,"00:00:04,264","00:00:04,797",4.264,1.8,1/1575,114,0.0,26.0,0.0,1.9,0.0,-119.937035,37.56876,1.2
10,"00:00:04,797","00:00:05,331",4.797,1.8,1/1575,114,0.0,28.0,0.9,1.9,3.0,-119.937035,37.568752,1.2
11,"00:00:05,331","00:00:05,864",5.331,1.8,1/1575,114,0.0,28.0,0.9,1.9,3.0,-119.937035,37.568752,1.2
12,"00:00:05,864","00:00:06,397",5.864,1.8,1/1575,114,0.0,31.0,4.6,2.1,4.7,-119.937027,37.568722,1.2
13,"00:00:06,397","00:00:06,930",6.397,1.8,1/1575,114,0.0,31.0,4.6,2.1,4.7,-119.937027,37.568722,1.2
14,"00:00:06,930","00:00:07,463",6.93,1.8,1/1575,114,0.0,33.0,10.3,2.0,6.1,-119.936996,37.568672,1.2
15,"00:00:07,463","00:00:07,996",7.463,1.8,1/1575,114,0.0,33.0,10.3,2.0,6.1,-119.936996,37.568672,1.2
16,"00:00:07,996","00:00:08,529",7.996,1.8,1/1575,114,0.0,35.0,17.7,1.9,5.9,-119.936974,37.568611,1.2
17,"00:00:08,529","00:00:09,062",8.529,1.8,1/1575,114,0.0,35.0,17.7,1.9,5.9,-119.936974,37.568611,1.2
18,"00:00:09,062","00:00:09,595",9.062,1.8,1/1575,114,0.0,37.0,22.0,2.0,6.0,-119.936951,37.568569,1.2
19,"00:00:09,595","00:00:10,129",9.595,1.8,1/1575,114,0.0,37.0,22.0,2.0,6.0,-119.936951,37.568569,1.2
20,"00:00:10,129","00:00:10,662",10.129,1.8,1/1575,114,0.0,39.0,28.0,1.9,5.9,-119.93692,37.568523,1.2
21,"00:00:10,662","00:00:11,195",10.662,1.8,1/1575,114,0.0,41.0,34.0,1.9,6.0,-119.936897,37.56847,1.2
22,"00:00:11,195","00:00:11,728",11.195,1.8,1/1575,114,0.0,41.0,34.0,1.9,6.0,-119.936897,37.56847,1.2
23,"00:00:11,728","00:00:12,261",11.728,1.8,1/1575,114,0.0,41.0,34.0,1.9,6.0,-119.936897,37.56847,1.2
24,"00:00:12,261","00:00:12,794",12.261,1.8,1/1575,114,0.0,44.0,41.0,2.0,5.9,-119.936867,37.568409,1.2
25,"00:00:12,794","00:00:13,327",12.794,1.8,1/1575,114,0.0,45.0,45.0,0.5,3.9,-119.936859,37.568371,1.2
26,"00:00:13,327","00:00:13,860",13.327,1.8,1/1550,113,0.0,45.0,45.0,0.5,3.9,-119.936859,37.568371,1.2
27,"00:00:13,860","00:00:14,393",13.86,1.8,1/1477,115,0.0,45.0,48.0,0.0,0.4,-119.936844,37.568356,1.2
28,"00:00:14,393","00:00:14,926",14.393,1.8,1/1477,115,0.0,45.0,48.0,0.0,0.4,-119.936844,37.568356,1.2
29,"00:00:14,926","00:00:15,460",14.926,1.8,1/1477,115,0.0,45.0,48.0,0.0,0.1,-119.936844,37.568352,1.2
30,"00:00:15,460","00:00:15,993",15.46,1.8,1/1477,115,0.0,45.0,48.0,0.0,0.1,-119.936844,37.568352,1.2
31,"00:00:15,993","00:00:16,526",15.993,,,,,,,,,,,
32,"00:00:16,526","00:00:17,059",16.526,,,,,,,,,,,
33,"00:00:17,059","00:00:17,592",17.059,1.8,1/1658,114,0.0,45.0,48.0,0.0,1.0,-119.936844,37.568352,1.2
34,"00:00:17,592","00:00:18,125",17.592,,,,,,,,,,,
35,"00:00:18,125","00:00:18,658",18.125,,,,,,,,,,,
36,"00:00:18,658","00:00:19,191",18.658,,,,,,,,,,,
37,"00:00:19,191","00:00:19,724",19.191,,,,,,,,,,,
38,"00:00:19,724","00:00:20,258",19.724,1.8,1/2488,115,0.0,45.0,56.0,0.0,5.8,-119.936714,37.568325,1.2
39,"00:00:20,258","00:00:20,791",20.258,1.8,1/2488,115,0.0,45.0,56.0,0.0,5.8,-119.936714,37.568325,1.2
40,"00:00:20,791","00:00:21,324",20.791,1.8,1/2488,115,0.0,45.0,58.0,0.0,5.6,-119.936653,37.568329,1.2
41,"00:00:21,324","00:00:21,857",21.324,1.8,1/2053,115,0.0,45.0,58.0,0.0,5.6,-119.936653,37.568329,1.2
42,"00:00:21,857","00:00:22,390",21.857,1.8,1/1603,114,0.0,45.0,59.0,0.0,5.7,-119.936592,37.568359,1.2
43,"00:00:22,390","00:00:22,923",22.39,1.8,1/1332,114,0.0,45.0,59.0,0.0,5.7,-119.936592,37.568359,1.2
44,"00:00:22,923","00:00:23,456",22.923,1.8,1/1196,114,0.0,45.0,58.0,0.6,5.6,-119.936562,37.568401,1.2
45,"00:00:23,456","00:00:23,989",23.456,1.8,1/1182,114,0.0,45.0,58.0,0.6,5.6,-119.936562,37.568401,1.2
46,"00:00:23,989","00:00:24,522",23.989,1.8,1/1182,114,0.0,46.0,54.0,0.7,3.6,-119.936554,37.568451,1.2
47,"00:00:24,522","00:00:25,056",24.522,1.8,1/1182,114,0.0,46.0,54.0,0.7,3.6,-119.936554,37.568451,1.2
48,"00:00:25,056","00:00:25,589",25.056,1.8,1/1182,114,0.0,48.0,53.0,1.9,0.7,-119.936562,37.56847,1.2
49,"00:00:25,589","00:00:26,122",25.589,1.8,1/1182,114,0.0,50.0,53.0,2.0,0.1,-119.936562,37.568474,1.2
50,"00:00:26,122","00:00:26,655",26.122,1.8,1/1182,114,0.0,50.0,53.0,2.0,0.1,-119.936562,37.568474,1.2
51,"00:00:26,655","00:00:27,188",26.655,1.8,1/1182,114,0.0,50.0,53.0,2.0,0.1,-119.936562,37.568474,1.2
52,"00:00:27,188","00:00:27,721",27.188,1.8,1/1182,114,0.0,51.0,53.0,0.1,0.8,-119.936562,37.568474,1.2
53,"00:00:27,721","00:00:28,254",27.721,1.8,1/1182,114,0.0,52.0,54.0,0.0,3.3,-119.936539,37.568481,1.2
54,"00:00:28,254","00:00:28,787",28.254,1.8,1/1182,114,0.0,52.0,54.0,0.0,3.3,-119.936539,37.568481,1.2
55,"00:00:28,787","00:00:29,320",28.787,,,,,,,,,,,
56,"00:00:29,320","00:00:29,853",29.32,,,,,,,,,,,
57,"00:00:29,853","00:00:30,387",29.853,,,,,,,,,,,
58,"00:00:30,387","00:00:30,920",30.387,,,,,,,,,,,
59,"00:00:30,920","00:00:31,453",30.92,,,,,,,,,,,
60,"00:00:31,453","00:00:31,986",31.453,,,,,,,,,,,
61,"00:00:31,986","00:00:32,519",31.986,,,,,,,,,,,
62,"00:00:32,519","00:00:33,052",32.519,,,,,,,,,,,
63,"00:00:33,052","00:00:33,585",33.052,,,,,,,,,,,
64,"00:00:33,585","00:00:34,118",33.585,,,,,,,,,,,
65,"00:00:34,118","00:00:34,651",34.118,1.8,1/1062,113,0.0,46.0,72.0,0.6,5.3,-119.936234,37.568653,1.2
66,"00:00:34,651","00:00:35,185",34.651,1.8,1/1062,113,0.0,46.0,72.0,0.6,5.3,-119.936234,37.568653,1.2
67,"00:00:35,185","00:00:35,718",35.185,,,,,,,,,,,
68,"00:00:35,718","00:00:36,251",35.718,1.8,1/1062,113,0.0,46.0,81.0,0.0,6.0,-119.936111,37.568703,1.2
69,"00:00:36,251","00:00:36,784",36.251,1.8,1/1062,113,0.0,46.0,81.0,0.0,6.0,-119.936111,37.568703,1.2
70,"00:00:36,784","00:00:37,317",36.784,1.8,1/1062,113,0.0,46.0,81.0,0.0,6.0,-119.936111,37.568703,1.2
71,"00:00:37,317","00:00:37,850",37.317,1.8,1/1062,113,0.0,46.0,88.0,0.0,6.0,-119.936035,37.568729,1.2
72,"00:00:37,850","00:00:38,383",37.85,1.8,1/1062,113,0.0,46.0,92.0,0.0,5.9,-119.935989,37.568748,1.2
73,"00:00:38,383","00:00:38,916",38.383,1.8,1/1062,113,0.0,46.0,92.0,0.0,5.9,-119.935989,37.568748,1.2
74,"00:00:38,916","00:00:39,449",38.916,1.8,1/1062,113,0.0,46.0,97.0,0.0,6.0,-119.935921,37.568775,1.2
75,"00:00:39,449","00:00:39,982",39.449,1.8,1/1112,113,0.0,46.0,97.0,0.0,6.0,-119.935921,37.568775,1.2
76,"00:00:39,982","00:00:40,516",39.982,1.8,1/1410,113,0.0,46.0,103.0,0.1,5.1,-119.935875,37.568794,1.2
77,"00:00:40,516","00:00:41,049",40.516,1.8,1/1718,114,0.0,46.0,103.0,0.1,5.1,-119.935875,37.568794,1.2
78,"00:00:41,049","00:00:41,582",41.049,1.8,1/2421,115,0.0,46.0,106.0,0.1,0.6,-119.935837,37.568802,1.2
79,"00:00:41,582","00:00:42,115",41.582,1.8,1/2703,117,0.0,46.0,106.0,0.1,0.6,-119.935837,37.568802,1.2
80,"00:00:42,115","00:00:42,648",42.115,1.8,1/2703,117,0.0,46.0,107.0,0.0,0.1,-119.935822,37.568806,1.2
81,"00:00:42,648","00:00:43,181",42.648,,,,,,,,,,,
82,"00:00:43,181","00:00:43,714",43.181,,,,,,,,,,,
83,"00:00:43,714","00:00:44,247",43.714,,,,,,,,,,,
84,"00:00:44,247","00:00:44,780",44.247,,,,,,,,,,,
85,"00:00:44,780","00:00:45,314",44.78,,,,,,,,,,,
86,"00:00:45,314","00:00:45,847",45.314,,,,,,,,,,,
87,"00:00:45,847","00:00:46,380",45.847,1.8,1/1658,113,0.0,47.0,107.0,0.0,0.0,-119.935822,37.568806,1.2
88,"00:00:46,380","00:00:46,913",46.38,1.8,1/1658,113,0.0,47.0,107.0,0.0,0.0,-119.935822,37.568806,1.2
89,"00:00:46,913","00:00:47,446",46.913,1.8,1/1658,113,0.0,47.0,107.0,0.0,0.0,-119.935822,37.568806,1.2
90,"00:00:47,446","00:00:47,979",47.446,1.8,1/1658,113,0.0,47.0,107.0,0.0,0.0,-119.935822,37.568806,1.2
91,"00:00:47,979","00:00:48,512",47.979,1.8,1/1658,113,0.0,47.0,107.0,0.0,0.1,-119.935822,37.568806,1.2
92,"00:00:48,512","00:00:49,045",48.512,1.8,1/1658,113,0.0,47.0,107.0,0.0,0.1,-119.935822,37.568806,1.2
93,"00:00:49,045","00:00:49,578",49.045,1.8,1/1718,113,0.0,47.0,107.0,0.0,0.1,-119.935822,37.568806,1.2
94,"00:00:49,578","00:00:50,112",49.578,1.8,1/1718,113,0.0,47.0,107.0,0.0,0.1,-119.935822,37.568806,1.2
95,"00:00:50,112","00:00:50,645",50.112,,,,,,,,,,,
96,"00:00:50,645","00:00:51,178",50.645,,,,,,,,,,,
97,"00:00:51,178","00:00:51,711",51.178,,,,,,,,,,,
98,"00:00:51,711","00:00:52,244",51.711,,,,,,,,,,,
99,"00:00:52,244","00:00:52,777",52.244,1.8,1/1718,113,0.0,46.0,109.0,0.0,0.2,-119.935799,37.568802,1.2
100,"00:00:52,777","00:00:53,310",52.777,1.8,1/1718,113,0.0,47.0,109.0,0.0,0.0,-119.935799,37.568802,1.2
101,"00:00:53,310","00:00:53,843",53.31,1.8,1/1718,113,0.0,47.0,109.0,0.0,0.0,-119.935799,37.568802,1.2
102,"00:00:53,843","00:00:54,376",53.843,,,,,,,,,,,
103,"00:00:54,376","00:00:54,909",54.376,,,,,,,,,,,
104,"00:00:54,909","00:00:55,443",54.909,1.8,1/1718,113,0.0,47.0,109.0,0.1,0.1,-119.935799,37.568802,1.1
105,"00:00:55,443","00:00:55,976",55.443,1.8,1/1658,113,0.0,47.0,109.0,0.1,0.1,-119.935799,37.568802,1.1
106,"00:00:55,976","00:00:56,509",55.976,1.8,1/984,113,0.0,47.0,109.0,0.0,0.1,-119.935799,37.568802,1.0
107,"00:00:56,509","00:00:57,042",56.509,1.8,1/648,113,0.0,47.0,109.0,0.0,0.1,-119.935799,37.568802,1.0
108,"00:00:57,042","00:00:57,575",57.042,1.8,1/598,113,0.0,47.0,109.0,0.0,0.1,-119.935799,37.568802,1.0
109,"00:00:57,575","00:00:58,108",57.575,1.8,1/598,113,0.0,47.0,109.0,0.0,0.0,-119.935799,37.568802,1.0
110,"00:00:58,108","00:00:58,641",58.108,1.8,1/598,113,0.0,47.0,109.0,0.0,0.0,-119.935799,37.568802,1.0
111,"00:00:58,641","00:00:59,174",58.641,1.8,1/598,113,0.0,47.0,109.0,0.0,0.0,-119.935799,37.568802,1.0
112,"00:00:59,174","00:00:59,707",59.174,1.8,1/598,113,0.0,46.0,109.0,0.1,0.0,-119.935799,37.568802,1.0
113,"00:00:59,707","00:01:00,241",59.707,1.8,1/598,113,0.0,47.0,109.0,0.0,0.1,-119.935799,37.568802,1.0
114,"00:01:00,241","00:01:00,774",60.241,1.8,1/598,113,0.0,47.0,109.0,0.0,0.1,-119.935799,37.568802,1.0
115,"00:01:00,774","00:01:01,307",60.774,1.8,1/598,113,0.0,46.0,109.0,0.0,0.0,-119.935799,37.568802,1.0
116,"00:01:01,307","00:01:01,840",61.307,1.8,1/598,113,0.0,46.0,109.0,0.0,0.0,-119.935799,37.568802,1.0
117,"00:01:01,840","00:01:02,373",61.84,1.8,1/598,113,0.0,46.0,109.0,0.0,0.0,-119.935799,37.568802,1.0
118,"00:01:02,373","00:01:02,906",62.373,1.8,1/598,113,0.0,46.0,109.0,0.0,0.0,-119.935799,37.568802,1.0
119,"00:01:02,906","00:01:03,439",62.906,1.8,1/598,113,0.0,47.0,109.0,0.0,0.1,-119.935799,37.568802,1.0
120,"00:01:03,439","00:01:03,972",63.439,1.8,1/598,113,0.0,47.0,109.0,0.0,0.1,-119.935799,37.568802,1.0
121,"00:01:03,972","00:01:04,505",63.972,1.8,1/598,113,0.0,47.0,109.0,0.0,0.0,-119.935799,37.568802,1.0
122,"00:01:04,505","00:01:05,038",64.505,1.8,1/598,113,0.0,47.0,109.0,0.0,0.0,-119.935799,37.568802,1.0
123,"00:01:05,038","00:01:05,572",65.038,1.8,1/598,113,0.0,47.0,109.0,0.0,0.1,-119.935799,37.568802,1.3
124,"00:01:05,572","00:01:06,105",65.572,1.8,1/598,113,0.0,47.0,109.0,0.8,0.3,-119.935799,37.568802,1.4
125,"00:01:06,105","00:01:06,638",66.105,1.8,1/618,113,0.0,47.0,109.0,0.8,0.3,-119.935799,37.568802,1.4
126,"00:01:06,638","00:01:07,171",66.638,1.8,1/626,113,0.0,47.0,109.0,0.8,0.3,-119.935799,37.568802,1.4
127,"00:01:07,171","00:01:07,704",67.171,1.8,1/626,113,0.0,48.0,109.0,0.5,0.8,-119.935799,37.568802,1.4
128,"00:01:07,704","00:01:08,237",67.704,1.8,1/626,113,0.0,48.0,109.0,0.1,1.2,-119.935806,37.568802,1.4
129,"00:01:08,237","00:01:08,770",68.237,1.8,1/626,113,0.0,48.0,109.0,0.1,1.2,-119.935806,37.568802,1.4
130,"00:01:08,770","00:01:09,303",68.77,1.8,1/626,113,0.0,48.0,107.0,0.1,1.1,-119.935822,37.568802,1.4
131,"00:01:09,303","00:01:09,836",69.303,1.8,1/626,113,0.0,48.0,107.0,0.1,1.1,-119.935822,37.568802,1.4
132,"00:01:09,836","00:01:10,370",69.836,1.8,1/626,113,0.0,48.0,106.0,0.0,0.0,-119.935837,37.568806,1.4
133,"00:01:10,370","00:01:10,903",70.37,1.8,1/626,113,0.0,48.0,106.0,0.0,0.0,-119.935837,37.568806,1.4
134,"00:01:10,903","00:01:11,436",70.903,1.8,1/626,113,0.0,48.0,106.0,0.0,0.0,-119.935837,37.568806,1.4
135,"00:01:11,436","00:01:11,969",71.436,1.8,1/626,113,0.0,48.0,106.0,0.0,0.0,-119.935837,37.568806,1.4
136,"00:01:11,969","00:01:12,502",71.969,1.8,1/626,113,0.0,48.0,106.0,0.0,0.0,-119.935837,37.568806,1.2
137,"00:01:12,502","00:01:13,035",72.502,1.8,1/626,113,0.0,48.0,106.0,0.0,0.0,-119.935837,37.568806,1.2
138,"00:01:13,035","00:01:13,568",73.035,1.8,1/626,113,0.0,48.0,106.0,0.0,0.0,-119.935837,37.568806,1.2
139,"00:01:13,568","00:01:14,101",73.568,1.8,1/626,113,0.0,48.0,106.0,0.0,0.0,-119.935837,37.568806,1.2
140,"00:01:14,101","00:01:14,634",74.101,1.8,1/626,113,0.0,48.0,106.0,0.0,0.0,-119.935837,37.568806,1.1
141,"00:01:14,634","00:01:15,168",74.634,1.8,1/626,113,0.0,48.0,106.0,0.0,0.0,-119.935837,37.568806,1.1
142,"00:01:15,168","00:01:15,701",75.168,1.8,1/626,113,0.0,48.0,106.0,0.0,0.1,-119.935837,37.568806,1.0
143,"00:01:15,701","00:01:16,234",75.701,1.8,1/626,113,0.0,48.0,106.0,0.0,0.2,-119.935837,37.568802,1.0
144,"00:01:16,234","00:01:16,767",76.23400000000001,1.8,1/626,113,0.0,48.0,106.0,0.0,0.2,-119.935837,37.568802,1.0
145,"00:01:16,767","00:01:17,300",76.767,1.8,1/626,113,0.0,48.0,106.0,0.0,0.2,-119.935837,37.568802,1.0
146,"00:01:17,300","00:01:17,833",77.3,1.8,1/626,113,0.0,48.0,106.0,0.1,2.2,-119.935837,37.56879,1.0
147,"00:01:17,833","00:01:18,366",77.833,1.8,1/626,113,0.0,48.0,106.0,0.0,0.2,-119.935837,37.568779,1.0
148,"00:01:18,366","00:01:18,899",78.366,1.8,1/626,113,0.0,48.0,106.0,0.0,0.2,-119.935837,37.568779,1.0
149,"00:01:18,899","00:01:19,432",78.899,1.8,1/626,113,0.0,48.0,106.0,0.0,0.1,-119.935837,37.568779,1.0
150,"00:01:19,432","00:01:19,965",79.432,1.8,1/626,113,0.0,48.0,106.0,0.0,0.1,-119.935837,37.568779,1.0
151,"00:01:19,965","00:01:20,499",79.965,1.8,1/626,113,0.0,48.0,106.0,0.0,0.1,-119.935837,37.568779,1.0
152,"00:01:20,499","00:01:21,032",80.499,1.8,1/626,113,0.0,48.0,106.0,0.0,0.1,-119.935837,37.568779,1.0
153,"00:01:21,032","00:01:21,565",81.032,1.8,1/626,113,0.0,48.0,106.0,0.0,0.1,-119.935837,37.568779,1.5
154,"00:01:21,565","00:01:22,098",81.565,1.8,1/626,113,0.0,48.0,106.0,0.0,0.1,-119.935837,37.568779,1.5
155,"00:01:22,098","00:01:22,631",82.098,1.8,1/626,113,0.0,48.0,106.0,0.0,0.0,-119.935837,37.568779,2.0
156,"00:01:22,631","00:01:23,164",82.631,1.8,1/580,112,0.0,48.0,106.0,0.0,0.1,-119.935837,37.568779,2.0
157,"00:01:23,164","00:01:23,697",83.164,1.8,1/569,112,0.0,48.0,106.0,0.0,0.1,-119.935837,37.568779,2.0
158,"00:01:23,697","00:01:24,230",83.697,1.8,1/569,112,0.0,48.0,106.0,0.0,0.1,-119.935837,37.568779,2.0
159,"00:01:24,230","00:01:24,763",84.23,1.8,1/569,112,0.0,48.0,106.0,0.0,0.0,-119.935837,37.568779,2.0
160,"00:01:24,763","00:01:25,297",84.763,1.8,1/569,112,0.0,48.0,106.0,0.0,0.0,-119.935837,37.568779,2.0
161,"00:01:25,297","00:01:25,830",85.297,1.8,1/569,112,0.0,48.0,106.0,0.0,0.0,-119.935837,37.568779,2.0
162,"00:01:25,830","00:01:26,363",85.83,1.8,1/569,112,0.0,48.0,106.0,0.0,0.1,-119.935837,37.568779,2.0
163,"00:01:26,363","00:01:26,896",86.363,1.8,1/569,112,0.0,48.0,106.0,0.0,0.1,-119.935837,37.568779,2.0
164,"00:01:26,896","00:01:27,429",86.896,1.8,1/569,112,0.0,48.0,106.0,0.0,0.0,-119.935837,37.568779,1.6
165,"00:01:27,429","00:01:27,962",87.429,1.8,1/569,112,0.0,48.0,106.0,0.0,0.0,-119.935837,37.568779,1.6
166,"00:01:27,962","00:01:28,495",87.962,1.8,1/569,112,0.0,48.0,106.0,0.0,0.1,-119.935837,37.568779,1.0
167,"00:01:28,495","00:01:29,028",88.495,1.8,1/569,112,0.0,48.0,106.0,0.0,0.1,-119.935837,37.568779,1.0
168,"00:01:29,028","00:01:29,561",89.02799999999999,1.8,1/569,112,0.0,48.0,106.0,0.0,0.0,-119.935837,37.568779,1.0
169,"00:01:29,561","00:01:30,094",89.561,1.8,1/569,112,0.0,48.0,106.0,0.0,0.0,-119.935837,37.568779,1.0
170,"00:01:30,094","00:01:30,628",90.094,,,,,,,,,,,
171,"00:01:30,628","00:01:31,161",90.628,,,,,,,,,,,
172,"00:01:31,161","00:01:31,694",91.161,,,,,,,,,,,
173,"00:01:31,694","00:01:32,227",91.694,,,,,,,,,,,
174,"00:01:32,227","00:01:32,760",92.227,,,,,,,,,,,
175,"00:01:32,760","00:01:33,293",92.75999999999999,1.8,1/569,112,0.0,43.0,106.0,0.1,1.8,-119.935837,37.568779,1.0
176,"00:01:33,293","00:01:33,826",93.293,1.8,1/569,112,0.0,43.0,106.0,0.1,1.8,-119.935837,37.568779,1.0
177,"00:01:33,826","00:01:34,359",93.826,,,,,,,,,,,
178,"00:01:34,359","00:01:34,892",94.35900000000001,,,,,,,,,,,
179,"00:01:34,892","00:01:35,426",94.892,,,,,,,,,,,
180,"00:01:35,426","00:01:35,959",95.426,,,,,,,,,,,
181,"00:01:35,959","00:01:36,492",95.959,,,,,,,,,,,
182,"00:01:36,492","00:01:37,025",96.49199999999999,,,,,,,,,,,
183,"00:01:37,025","00:01:37,558",97.025,,,,,,,,,,,
184,"00:01:37,558","00:01:38,091",97.55799999999999,,,,,,,,,,,
185,"00:01:38,091","00:01:38,624",98.09100000000001,,,,,,,,,,,
186,"00:01:38,624","00:01:39,157",98.624,,,,,,,,,,,
187,"00:01:39,157","00:01:39,690",99.157,1.8,1/815,113,0.0,34.0,131.0,0.0,2.5,-119.935555,37.568752,1.0
188,"00:01:39,690","00:01:40,224",99.69,1.8,1/815,113,0.0,34.0,132.0,0.0,0.4,-119.935539,37.568745,1.0
189,"00:01:40,224","00:01:40,757",100.22399999999999,1.8,1/815,113,0.0,34.0,132.0,0.0,0.4,-119.935539,37.568745,1.0
190,"00:01:40,757","00:01:41,290",100.757,1.8,1/815,113,0.0,34.0,133.0,0.0,0.6,-119.935524,37.568741,1.0
191,"00:01:41,290","00:01:41,823",101.28999999999999,1.8,1/815,113,0.0,34.0,133.0,0.0,0.6,-119.935524,37.568741,1.0
192,"00:01:41,823","00:01:42,356",101.82300000000001,1.8,1/815,113,0.0,34.0,133.0,0.0,0.4,-119.935539,37.568729,1.0
193,"00:01:42,356","00:01:42,889",102.356,1.8,1/815,113,0.0,34.0,133.0,0.0,0.4,-119.935539,37.568729,1.0
194,"00:01:42,889","00:01:43,422",102.88900000000001,1.8,1/815,113,0.0,34.0,133.0,0.0,0.3,-119.935539,37.568726,1.0
195,"00:01:43,422","00:01:43,955",103.422,1.8,1/815,113,0.0,34.0,133.0,0.0,0.3,-119.935539,37.568726,1.0
196,"00:01:43,955","00:01:44,488",103.955,1.8,1/815,113,0.0,34.0,132.0,0.0,0.0,-119.935539,37.568726,1.0
197,"00:01:44,488","00:01:45,021",104.488,1.8,1/815,113,0.0,34.0,132.0,0.0,0.0,-119.935539,37.568726,1.0
198,"00:01:45,021","00:01:45,555",105.021,1.8,1/815,113,0.0,34.0,132.0,0.0,0.3,-119.935539,37.568722,1.0
199,"00:01:45,555","00:01:46,088",105.555,1.8,1/815,113,0.0,34.0,132.0,0.0,0.3,-119.935539,37.568722,1.0
200,"00:01:46,088","00:01:46,621",106.088,1.8,1/815,113,0.0,34.0,133.0,0.0,3.0,-119.935539,37.56871,1.0
201,"00:01:46,621","00:01:47,154",106.62100000000001,1.8,1/815,113,0.0,34.0,133.0,0.0,3.0,-119.935539,37.56871,1.0
202,"00:01:47,154","00:01:47,687",107.154,1.8,1/815,113,0.0,34.0,133.0,0.0,3.8,-119.935539,37.568687,1.0
203,"00:01:47,687","00:01:48,220",107.687,1.8,1/815,113,0.0,34.0,133.0,0.0,4.1,-119.935539,37.568653,1.0
204,"00:01:48,220","00:01:48,753",108.22,1.8,1/837,113,0.0,34.0,133.0,0.0,4.1,-119.935539,37.568653,1.0
205,"00:01:48,753","00:01:49,286",108.753,1.8,1/837,113,0.0,34.0,133.0,0.0,4.0,-119.935539,37.568619,1.0
206,"00:01:49,286","00:01:49,819",109.286,1.8,1/876,112,0.0,34.0,133.0,0.0,4.0,-119.935539,37.568619,1.0
207,"00:01:49,819","00:01:50,353",109.819,1.8,1/909,113,0.0,34.0,133.0,0.0,4.3,-119.935555,37.568573,1.0
208,"00:01:50,353","00:01:50,886",110.35300000000001,1.8,1/936,113,0.0,34.0,133.0,0.0,4.3,-119.935555,37.568573,1.0
209,"00:01:50,886","00:01:51,419",110.886,1.8,1/936,113,0.0,34.0,133.0,0.0,4.5,-119.935562,37.568542,1.0
210,"00:01:51,419","00:01:51,952",111.419,1.8,1/936,113,0.0,34.0,133.0,0.0,4.5,-119.935562,37.568542,1.0
211,"00:01:51,952","00:01:52,485",111.952,1.8,1/955,113,0.0,34.0,132.0,0.0,5.2,-119.935577,37.568501,1.0
212,"00:01:52,485","00:01:53,018",112.485,1.8,1/975,113,0.0,34.0,132.0,0.0,5.2,-119.935577,37.568501,1.0
213,"00:01:53,018","00:01:53,551",113.018,1.8,1/1016,114,0.0,34.0,131.0,0.0,5.5,-119.9356,37.568447,1.0
214,"00:01:53,551","00:01:54,084",113.551,1.8,1/1016,113,0.0,34.0,131.0,0.0,5.5,-119.9356,37.568447,1.0
215,"00:01:54,084","00:01:54,617",114.084,1.8,1/1016,113,0.0,34.0,131.0,0.0,5.7,-119.935631,37.568413,1.0
216,"00:01:54,617","00:01:55,150",114.61699999999999,1.8,1/1062,113,0.0,34.0,131.0,0.0,5.7,-119.935631,37.568413,1.0
217,"00:01:55,150","00:01:55,684",115.15,1.8,1/1062,113,0.0,34.0,129.0,0.1,5.5,-119.935654,37.568367,1.0
218,"00:01:55,684","00:01:56,217",115.684,1.8,1/1062,113,0.0,34.0,128.0,0.2,4.8,-119.935692,37.568333,1.0
219,"00:01:56,217","00:01:56,750",116.217,1.8,1/1112,113,0.0,34.0,128.0,0.2,4.8,-119.935692,37.568333,1.0
220,"00:01:56,750","00:01:57,283",116.75,1.8,1/1112,113,0.0,34.0,128.0,0.2,4.8,-119.935692,37.568333,1.0
221,"00:01:57,283","00:01:57,816",117.283,1.8,1/1112,113,0.0,34.0,126.0,0.0,5.6,-119.935745,37.568287,1.0
222,"00:01:57,816","00:01:58,349",117.816,1.8,1/1112,113,0.0,34.0,125.0,0.0,5.7,-119.935768,37.56826,1.0
223,"00:01:58,349","00:01:58,882",118.34899999999999,1.8,1/1153,113,0.0,34.0,125.0,0.0,5.7,-119.935768,37.56826,1.0
224,"00:01:58,882","00:01:59,415",118.882,1.8,1/1153,113,0.0,34.0,123.0,0.0,5.7,-119.935822,37.568226,1.0
225,"00:01:59,415","00:01:59,948",119.41499999999999,1.8,1/1153,113,0.0,34.0,123.0,0.0,5.7,-119.935822,37.568226,1.0
226,"00:01:59,948","00:02:00,482",119.94800000000001,1.8,1/1167,113,0.0,34.0,120.0,0.0,5.7,-119.935875,37.568195,1.0
227,"00:02:00,482","00:02:01,015",120.482,1.8,1/1196,114,0.0,34.0,120.0,0.0,5.7,-119.935875,37.568195,1.0
228,"00:02:01,015","00:02:01,548",121.015,1.8,1/1196,114,0.0,34.0,118.0,0.0,5.8,-119.935936,37.568169,1.0
229,"00:02:01,548","00:02:02,081",121.548,1.8,1/1196,114,0.0,34.0,118.0,0.0,5.8,-119.935936,37.568169,1.0
230,"00:02:02,081","00:02:02,614",122.081,1.8,1/1196,114,0.0,34.0,115.0,0.0,5.7,-119.935997,37.568146,1.0
231,"00:02:02,614","00:02:03,147",122.614,1.8,1/1196,114,0.0,34.0,112.0,0.0,5.7,-119.93605,37.56813,1.0
232,"00:02:03,147","00:02:03,680",123.147,1.8,1/1196,114,0.0,34.0,112.0,0.0,5.7,-119.93605,37.56813,1.0
233,"00:02:03,680","00:02:04,213",123.68,1.8,1/1196,114,0.0,34.0,112.0,0.0,5.7,-119.93605,37.56813,1.0
234,"00:02:04,213","00:02:04,746",124.213,1.8,1/1196,114,0.0,34.0,107.0,0.0,5.8,-119.936127,37.568119,1.0
235,"00:02:04,746","00:02:05,280",124.746,1.8,1/1196,114,0.0,34.0,104.0,0.0,5.8,-119.936195,37.568111,1.0
236,"00:02:05,280","00:02:05,813",125.28,1.8,1/1196,114,0.0,34.0,104.0,0.0,5.8,-119.936195,37.568111,1.0
237,"00:02:05,813","00:02:06,346",125.813,1.8,1/1196,114,0.0,34.0,100.0,0.0,5.8,-119.936256,37.568111,1.0
238,"00:02:06,346","00:02:06,879",126.346,1.8,1/1196,114,0.0,34.0,100.0,0.0,5.8,-119.936256,37.568111,1.0
239,"00:02:06,879","00:02:07,412",126.879,1.8,1/1196,114,0.0,34.0,96.0,0.1,5.8,-119.936317,37.568111,1.0
240,"00:02:07,412","00:02:07,945",127.412,1.8,1/1196,114,0.0,34.0,96.0,0.1,5.8,-119.936317,37.568111,1.0
241,"00:02:07,945","00:02:08,478",127.945,1.8,1/1196,114,0.0,34.0,91.0,0.0,5.8,-119.936394,37.568119,1.0
242,"00:02:08,478","00:02:09,011",128.478,1.8,1/1196,114,0.0,34.0,91.0,0.0,5.8,-119.936394,37.568119,1.0
243,"00:02:09,011","00:02:09,544",129.011,1.8,1/1196,114,0.0,34.0,88.0,0.0,5.7,-119.936447,37.568127,1.0
244,"00:02:09,544","00:02:10,077",129.544,1.8,1/1196,114,0.0,34.0,88.0,0.0,5.7,-119.936447,37.568127,1.0
245,"00:02:10,077","00:02:10,611",130.077,1.8,1/1196,114,0.0,34.0,84.0,0.0,5.8,-119.936516,37.568138,1.0
246,"00:02:10,611","00:02:11,144",130.611,1.8,1/1196,114,0.0,34.0,79.0,0.0,5.8,-119.936577,37.568153,1.0
247,"00:02:11,144","00:02:11,677",131.144,1.8,1/1196,114,0.0,34.0,79.0,0.0,5.8,-119.936577,37.568153,1.0
248,"00:02:11,677","00:02:12,210",131.677,1.8,1/1139,113,0.0,34.0,79.0,0.0,5.8,-119.936577,37.568153,1.0
249,"00:02:12,210","00:02:12,743",132.21,1.8,1/1139,113,0.0,34.0,74.0,0.0,5.7,-119.936638,37.568176,1.0
250,"00:02:12,743","00:02:13,276",132.743,1.8,1/1087,113,0.0,34.0,69.0,0.0,5.9,-119.936691,37.568203,1.0
251,"00:02:13,276","00:02:13,809",133.276,1.8,1/1087,113,0.0,34.0,69.0,0.0,5.9,-119.936691,37.568203,1.0
252,"00:02:13,809","00:02:14,342",133.809,1.8,1/1038,113,0.0,34.0,64.0,0.0,5.8,-119.936745,37.568237,1.0
253,"00:02:14,342","00:02:14,875",134.342,1.8,1/1038,113,0.0,34.0,64.0,0.0,5.8,-119.936745,37.568237,1.0
254,"00:02:14,875","00:02:15,409",134.875,1.8,1/995,113,0.0,34.0,58.0,0.0,5.8,-119.936806,37.568279,1.0
255,"00:02:15,409","00:02:15,942",135.409,1.8,1/995,113,0.0,34.0,58.0,0.0,5.8,-119.936806,37.568279,1.0
256,"00:02:15,942","00:02:16,475",135.942,1.8,1/955,113,0.0,34.0,54.0,0.0,5.7,-119.936844,37.56831,1.0
257,"00:02:16,475","00:02:17,008",136.475,1.8,1/945,113,0.0,34.0,54.0,0.0,5.7,-119.936844,37.56831,1.0
258,"00:02:17,008","00:02:17,541",137.008,1.8,1/927,114,0.0,34.0,48.0,0.0,5.9,-119.936882,37.568352,1.0
259,"00:02:17,541","00:02:18,074",137.541,1.8,1/927,114,0.0,34.0,48.0,0.0,5.9,-119.936882,37.568352,1.0
260,"00:02:18,074","00:02:18,607",138.074,1.8,1/927,114,0.0,34.0,43.0,0.0,5.8,-119.93692,37.568394,1.0
261,"00:02:18,607","00:02:19,140",138.607,1.8,1/909,113,0.0,34.0,43.0,0.0,5.8,-119.93692,37.568394,1.0
262,"00:02:19,140","00:02:19,673",139.14,1.8,1/867,113,0.0,34.0,36.0,0.0,5.8,-119.936958,37.568451,1.0
263,"00:02:19,673","00:02:20,206",139.673,1.8,1/867,113,0.0,34.0,36.0,0.0,5.8,-119.936958,37.568451,1.0
264,"00:02:20,206","00:02:20,740",140.206,1.8,1/822,113,0.0,34.0,31.0,0.0,5.9,-119.936989,37.568489,1.0
265,"00:02:20,740","00:02:21,273",140.74,1.8,1/822,113,0.0,34.0,25.0,0.0,5.8,-119.936996,37.568539,1.0
266,"00:02:21,273","00:02:21,806",141.273,1.8,1/822,113,0.0,34.0,25.0,0.0,5.8,-119.936996,37.568539,1.0
267,"00:02:21,806","00:02:22,339",141.806,1.8,1/794,113,0.0,34.0,20.0,0.0,5.9,-119.937012,37.568592,1.0
268,"00:02:22,339","00:02:22,872",142.339,1.8,1/794,113,0.0,34.0,20.0,0.0,5.9,-119.937012,37.568592,1.0
269,"00:02:22,872","00:02:23,405",142.872,1.8,1/769,113,0.0,34.0,14.0,0.0,5.9,-119.937027,37.568645,1.0
270,"00:02:23,405","00:02:23,938",143.405,1.8,1/769,113,0.0,34.0,14.0,0.0,5.9,-119.937027,37.568645,1.0
271,"00:02:23,938","00:02:24,471",143.938,1.8,1/745,113,0.0,34.0,8.1,0.0,5.8,-119.937027,37.568699,1.0
272,"00:02:24,471","00:02:25,004",144.471,1.8,1/745,113,0.0,34.0,8.1,0.0,5.8,-119.937027,37.568699,1.0
273,"00:02:25,004","00:02:25,538",145.004,1.8,1/722,112,0.0,34.0,2.7,0.0,5.9,-119.937027,37.568752,1.0
274,"00:02:25,538","00:02:26,071",145.538,1.8,1/722,113,0.0,34.0,2.7,0.0,5.9,-119.937027,37.568752,1.0
275,"00:02:26,071","00:02:26,604",146.071,1.8,1/705,113,0.0,35.0,5.6,0.0,5.9,-119.937012,37.568817,1.0
276,"00:02:26,604","00:02:27,137",146.60399999999998,1.8,1/690,113,0.0,35.0,5.6,0.0,5.9,-119.937012,37.568817,1.0
277,"00:02:27,137","00:02:27,670",147.137,1.8,1/690,113,0.0,34.0,10.0,0.0,5.8,-119.936996,37.568859,1.0
278,"00:02:27,670","00:02:28,203",147.67000000000002,,,,,,,,,,,
279,"00:02:28,203","00:02:28,736",148.203,,,,,,,,,,,
280,"00:02:28,736","00:02:29,269",148.736,1.8,1/666,112,0.0,34.0,21.0,0.1,5.9,-119.936974,37.568958,1.0
281,"00:02:29,269","00:02:29,802",149.269,1.8,1/648,112,0.0,34.0,21.0,0.1,5.9,-119.936974,37.568958,1.0
282,"00:02:29,802","00:02:30,336",149.802,1.8,1/648,112,0.0,34.0,29.0,0.0,5.9,-119.936935,37.569019,1.0
283,"00:02:30,336","00:02:30,869",150.336,1.8,1/648,112,0.0,34.0,29.0,0.0,5.9,-119.936935,37.569019,1.0
284,"00:02:30,869","00:02:31,402",150.869,1.8,1/626,113,0.0,34.0,33.0,0.0,5.9,-119.936913,37.569057,1.0
285,"00:02:31,402","00:02:31,935",151.402,1.8,1/626,113,0.0,34.0,33.0,0.0,5.9,-119.936913,37.569057,1.0
286,"00:02:31,935","00:02:32,468",151.935,1.8,1/626,113,0.0,34.0,39.0,0.0,5.8,-119.936867,37.569099,1.0
287,"00:02:32,468","00:02:33,001",152.46800000000002,1.8,1/606,112,0.0,34.0,39.0,0.0,5.8,-119.936867,37.569099,1.0
288,"00:02:33,001","00:02:33,534",153.001,1.8,1/606,112,0.0,34.0,45.0,0.0,5.8,-119.936829,37.569141,1.0
289,"00:02:33,534","00:02:34,067",153.534,1.8,1/606,112,0.0,34.0,45.0,0.0,5.8,-119.936829,37.569141,1.0
290,"00:02:34,067","00:02:34,600",154.067,1.8,1/598,112,0.0,34.0,50.0,0.0,5.9,-119.936783,37.56918,1.0
291,"00:02:34,600","00:02:35,133",154.6,1.8,1/563,112,0.0,34.0,50.0,0.0,5.9,-119.936783,37.56918,1.0
292,"00:02:35,133","00:02:35,667",155.133,1.8,1/556,112,0.0,34.0,56.0,0.0,5.9,-119.936745,37.569218,1.0
293,"00:02:35,667","00:02:36,200",155.667,1.8,1/556,112,0.0,35.0,61.0,0.0,6.0,-119.936691,37.569256,1.0
294,"00:02:36,200","00:02:36,733",156.2,1.8,1/537,112,0.0,35.0,61.0,0.0,6.0,-119.936691,37.569256,1.0
295,"00:02:36,733","00:02:37,266",156.733,1.8,1/537,112,0.0,35.0,61.0,0.0,6.0,-119.936691,37.569256,1.0
296,"00:02:37,266","00:02:37,799",157.266,1.8,1/537,112,0.0,34.0,68.0,0.0,5.8,-119.93663,37.569294,1.0
297,"00:02:37,799","00:02:38,332",157.799,1.8,1/537,112,0.0,34.0,72.0,0.0,6.0,-119.936577,37.569317,1.0
298,"00:02:38,332","00:02:38,865",158.332,1.8,1/537,112,0.0,34.0,72.0,0.0,6.0,-119.936577,37.569317,1.0
299,"00:02:38,865","00:02:39,398",158.865,1.8,1/537,112,0.0,34.0,78.0,0.0,5.8,-119.936516,37.56934,1.0
300,"00:02:39,398","00:02:39,931",159.398,1.8,1/537,112,0.0,34.0,78.0,0.0,5.8,-119.936516,37.56934,1.0
301,"00:02:39,931","00:02:40,465",159.93099999999998,1.8,1/537,112,0.0,34.0,83.0,0.0,5.9,-119.936447,37.569359,1.0
302,"00:02:40,465","00:02:40,998",160.465,1.8,1/537,112,0.0,34.0,83.0,0.0,5.9,-119.936447,37.569359,1.0
303,"00:02:40,998","00:02:41,531",160.998,1.8,1/519,113,0.0,34.0,89.0,0.0,6.0,-119.936371,37.569378,1.0
304,"00:02:41,531","00:02:42,064",161.531,1.8,1/519,113,0.0,34.0,89.0,0.0,6.0,-119.936371,37.569378,1.0
305,"00:02:42,064","00:02:42,597",162.064,1.8,1/519,113,0.0,34.0,93.0,0.0,6.0,-119.936317,37.569386,1.0
306,"00:02:42,597","00:02:43,130",162.597,1.8,1/492,113,0.0,34.0,97.0,0.0,5.9,-119.936256,37.569397,1.0
307,"00:02:43,130","00:02:43,663",163.13,1.8,1/461,112,0.0,34.0,97.0,0.0,5.9,-119.936256,37.569397,1.0
308,"00:02:43,663","00:02:44,196",163.663,1.8,1/415,113,0.0,34.0,97.0,0.0,5.9,-119.936256,37.569397,1.0
309,"00:02:44,196","00:02:44,729",164.196,1.8,1/377,112,0.0,34.0,101.0,0.0,5.8,-119.93618,37.569382,1.0
310,"00:02:44,729","00:02:45,262",164.72899999999998,1.8,1/377,112,0.0,34.0,101.0,0.0,5.8,-119.93618,37.569382,1.0
311,"00:02:45,262","00:02:45,796",165.262,1.8,1/389,112,0.0,35.0,103.0,0.0,5.7,-119.936127,37.569359,1.0
312,"00:02:45,796","00:02:46,329",165.796,1.8,1/392,112,0.0,35.0,104.0,1.5,5.7,-119.936073,37.569328,1.0
313,"00:02:46,329","00:02:46,862",166.329,1.8,1/404,112,0.0,35.0,104.0,1.5,5.7,-119.936073,37.569328,1.0
314,"00:02:46,862","00:02:47,395",166.862,1.8,1/404,112,0.0,37.0,105.0,1.9,1.2,-119.93605,37.569305,1.0
315,"00:02:47,395","00:02:47,928",167.395,1.8,1/404,112,0.0,37.0,105.0,1.9,1.2,-119.93605,37.569305,1.0
316,"00:02:47,928","00:02:48,461",167.928,1.8,1/411,112,0.0,40.0,106.0,1.8,1.7,-119.936035,37.569313,1.0
317,"00:02:48,461","00:02:48,994",168.461,1.8,1/418,113,0.0,40.0,106.0,1.8,1.7,-119.936035,37.569313,1.0
318,"00:02:48,994","00:02:49,527",168.994,1.8,1/418,113,0.0,41.0,106.0,2.0,0.3,-119.93605,37.569317,1.0
319,"00:02:49,527","00:02:50,060",169.527,1.8,1/418,113,0.0,41.0,106.0,2.0,0.3,-119.93605,37.569317,1.0
320,"00:02:50,060","00:02:50,594",170.06,1.8,1/432,113,0.0,43.0,106.0,2.0,0.0,-119.93605,37.569317,1.0
321,"00:02:50,594","00:02:51,127",170.594,1.8,1/432,113,0.0,45.0,106.0,1.9,0.9,-119.93605,37.569317,1.0
322,"00:02:51,127","00:02:51,660",171.127,1.8,1/432,113,0.0,45.0,106.0,1.9,0.9,-119.93605,37.569317,1.0
323,"00:02:51,660","00:02:52,193",171.66,1.8,1/448,112,0.0,45.0,106.0,1.9,0.9,-119.93605,37.569317,1.0
324,"00:02:52,193","00:02:52,726",172.19299999999998,1.8,1/448,112,0.0,47.0,104.0,2.1,2.2,-119.936073,37.569305,1.0
325,"00:02:52,726","00:02:53,259",172.726,1.8,1/448,112,0.0,49.0,103.0,1.8,1.7,-119.936073,37.569305,1.0
326,"00:02:53,259","00:02:53,792",173.25900000000001,1.8,1/448,112,0.0,49.0,103.0,1.8,1.7,-119.936073,37.569305,1.0
327,"00:02:53,792","00:02:54,325",173.792,1.8,1/448,112,0.0,50.0,104.0,1.0,0.3,-119.936066,37.569317,1.0
328,"00:02:54,325","00:02:54,858",174.325,1.8,1/448,112,0.0,50.0,104.0,1.0,0.3,-119.936066,37.569317,1.0
329,"00:02:54,858","00:02:55,392",174.858,,,,,,,,,,,
330,"00:02:55,392","00:02:55,925",175.392,,,,,,,,,,,
331,"00:02:55,925","00:02:56,458",175.925,1.8,1/448,112,0.0,51.0,105.0,0.0,0.0,-119.936066,37.569317,1.0
332,"00:02:56,458","00:02:56,991",176.458,1.8,1/448,112,0.0,51.0,105.0,0.0,0.0,-119.936066,37.569317,1.0
333,"00:02:56,991","00:02:57,524",176.99099999999999,1.8,1/448,112,0.0,51.0,105.0,0.0,0.0,-119.936066,37.569317,1.0
334,"00:02:57,524","00:02:58,057",177.524,1.8,1/448,112,0.0,51.0,105.0,0.0,0.1,-119.936066,37.569317,1.0
335,"00:02:58,057","00:02:58,590",178.05700000000002,1.8,1/448,112,0.0,51.0,105.0,0.0,0.1,-119.936066,37.569317,1.0
336,"00:02:58,590","00:02:59,123",178.59,1.8,1/477,112,0.0,51.0,105.0,0.0,0.1,-119.936066,37.569317,1.0
337,"00:02:59,123","00:02:59,656",179.123,,,,,,,,,,,
338,"00:02:59,656","00:03:00,189",179.656,,,,,,,,,,,
339,"00:03:00,189","00:03:00,723",180.189,,,,,,,,,,,
340,"00:03:00,723","00:03:01,256",180.723,,,,,,,,,,,
341,"00:03:01,256","00:03:01,789",181.256,,,,,,,,,,,
342,"00:03:01,789","00:03:02,322",181.789,,,,,,,,,,,
343,"00:03:02,322","00:03:02,855",182.322,1.8,1/587,112,0.0,50.0,104.0,0.5,3.7,-119.936066,37.569294,1.0
344,"00:03:02,855","00:03:03,388",182.855,1.8,1/610,112,0.0,51.0,101.0,0.1,5.1,-119.936066,37.56926,1.0
345,"00:03:03,388","00:03:03,921",183.388,1.8,1/610,112,0.0,51.0,101.0,0.1,5.1,-119.936066,37.56926,1.0
346,"00:03:03,921","00:03:04,454",183.921,,,,,,,,,,,
347,"00:03:04,454","00:03:04,987",184.454,,,,,,,,,,,
348,"00:03:04,987","00:03:05,521",184.987,,,,,,,,,,,
349,"00:03:05,521","00:03:06,054",185.521,,,,,,,,,,,
350,"00:03:06,054","00:03:06,587",186.054,1.8,1/610,112,0.0,51.0,89.0,0.0,5.8,-119.936111,37.569099,1.0
351,"00:03:06,587","00:03:07,120",186.587,1.8,1/610,112,0.0,51.0,89.0,0.0,5.8,-119.936111,37.569099,1.0
352,"00:03:07,120","00:03:07,653",187.12,1.8,1/610,112,0.0,51.0,86.0,0.0,6.0,-119.936142,37.569061,1.0
353,"00:03:07,653","00:03:08,186",187.653,1.8,1/610,112,0.0,51.0,81.0,0.0,6.0,-119.936165,37.569019,1.0
354,"00:03:08,186","00:03:08,719",188.186,1.8,1/610,112,0.0,51.0,81.0,0.0,6.0,-119.936165,37.569019,1.0
355,"00:03:08,719","00:03:09,252",188.719,,,,,,,,,,,
356,"00:03:09,252","00:03:09,785",189.252,,,,,,,,,,,
357,"00:03:09,785","00:03:10,318",189.785,1.8,1/610,112,0.0,51.0,70.0,0.0,5.9,-119.936272,37.568943,1.0
358,"00:03:10,318","00:03:10,852",190.318,1.8,1/610,112,0.0,51.0,70.0,0.0,5.9,-119.936272,37.568943,1.0
359,"00:03:10,852","00:03:11,385",190.852,1.8,1/610,112,0.0,51.0,65.0,0.1,6.0,-119.936317,37.568913,1.0
360,"00:03:11,385","00:03:11,918",191.385,1.8,1/610,112,0.0,51.0,65.0,0.1,6.0,-119.936317,37.568913,1.0
361,"00:03:11,918","00:03:12,451",191.918,1.8,1/610,112,0.0,51.0,60.0,0.0,2.3,-119.936371,37.568886,1.0
362,"00:03:12,451","00:03:12,984",192.451,1.8,1/610,112,0.0,51.0,60.0,0.0,2.3,-119.936371,37.568886,1.0
363,"00:03:12,984","00:03:13,517",192.984,1.8,1/610,112,0.0,51.0,59.0,0.0,0.1,-119.936371,37.568874,1.0
364,"00:03:13,517","00:03:14,050",193.517,1.8,1/610,112,0.0,51.0,59.0,0.0,0.1,-119.936371,37.568874,1.0
365,"00:03:14,050","00:03:14,583",194.05,,,,,,,,,,,
366,"00:03:14,583","00:03:15,116",194.583,,,,,,,,,,,
367,"00:03:15,116","00:03:15,650",195.11599999999999,,,,,,,,,,,
368,"00:03:15,650","00:03:16,183",195.65,,,,,,,,,,,
369,"00:03:16,183","00:03:16,716",196.183,,,,,,,,,,,
370,"00:03:16,716","00:03:17,249",196.716,,,,,,,,,,,
371,"00:03:17,249","00:03:17,782",197.249,,,,,,,,,,,
372,"00:03:17,782","00:03:18,315",197.782,,,,,,,,,,,
373,"00:03:18,315","00:03:18,848",198.315,,,,,,,,,,,
374,"00:03:18,848","00:03:19,381",198.848,,,,,,,,,,,
375,"00:03:19,381","00:03:19,914",199.381,,,,,,,,,,,
376,"00:03:19,914","00:03:20,448",199.914,1.8,1/610,112,0.0,38.0,59.0,0.0,0.1,-119.936371,37.568893,1.6
377,"00:03:20,448","00:03:20,981",200.448,1.8,1/610,112,0.0,38.0,59.0,0.0,0.1,-119.936371,37.568893,1.6
378,"00:03:20,981","00:03:21,514",200.981,1.8,1/610,112,0.0,38.0,59.0,0.1,0.1,-119.936371,37.568893,2.0
379,"00:03:21,514","00:03:22,047",201.514,1.8,1/610,112,0.0,38.0,59.0,0.1,0.1,-119.936371,37.568893,2.0
380,"00:03:22,047","00:03:22,580",202.047,1.8,1/610,112,0.0,38.0,59.0,0.0,0.9,-119.936386,37.568893,2.0
381,"00:03:22,580","00:03:23,113",202.57999999999998,1.8,1/610,112,0.0,38.0,57.0,0.1,1.9,-119.936394,37.56889,2.0
382,"00:03:23,113","00:03:23,646",203.113,1.8,1/610,112,0.0,38.0,57.0,0.1,1.9,-119.936394,37.56889,2.0
383,"00:03:23,646","00:03:24,179",203.64600000000002,1.8,1/610,112,0.0,38.0,57.0,0.1,1.9,-119.936394,37.56889,2.0
384,"00:03:24,179","00:03:24,712",204.179,1.8,1/610,112,0.0,38.0,56.0,0.0,0.1,-119.936409,37.568886,2.0
385,"00:03:24,712","00:03:25,245",204.712,1.8,1/610,112,0.0,38.0,56.0,0.0,0.0,-119.936409,37.568886,2.0
386,"00:03:25,245","00:03:25,779",205.245,1.8,1/610,112,0.0,38.0,56.0,0.0,0.0,-119.936409,37.568886,2.0
387,"00:03:25,779","00:03:26,312",205.779,1.8,1/610,112,0.0,38.0,56.0,0.0,0.0,-119.936409,37.568886,2.0
388,"00:03:26,312","00:03:26,845",206.312,1.8,1/610,112,0.0,38.0,56.0,0.0,0.0,-119.936409,37.568886,2.0
389,"00:03:26,845","00:03:27,378",206.845,1.8,1/610,112,0.0,38.0,56.0,0.0,0.0,-119.936409,37.568886,2.0
390,"00:03:27,378","00:03:27,911",207.378,1.8,1/610,112,0.0,38.0,56.0,0.0,0.0,-119.936409,37.568886,2.0
391,"00:03:27,911","00:03:28,444",207.911,1.8,1/610,112,0.0,38.0,56.0,0.0,0.0,-119.936409,37.568886,2.0
392,"00:03:28,444","00:03:28,977",208.444,1.8,1/610,112,0.0,38.0,56.0,0.0,0.0,-119.936409,37.568886,2.0
393,"00:03:28,977","00:03:29,510",208.977,1.8,1/610,112,0.0,38.0,56.0,0.0,0.0,-119.936409,37.568886,2.0
394,"00:03:29,510","00:03:30,043",209.51,1.8,1/610,112,0.0,38.0,56.0,0.0,0.0,-119.936409,37.568886,2.0
395,"00:03:30,043","00:03:30,577",210.043,1.8,1/610,112,0.0,38.0,56.0,0.0,0.0,-119.936409,37.568886,2.0
396,"00:03:30,577","00:03:31,110",210.577,1.8,1/610,112,0.0,38.0,56.0,0.0,0.0,-119.936409,37.568886,2.0
397,"00:03:31,110","00:03:31,643",211.11,1.8,1/610,112,0.0,38.0,56.0,0.0,0.0,-119.936409,37.568886,2.0
398,"00:03:31,643","00:03:32,176",211.643,1.8,1/610,112,0.0,38.0,56.0,0.0,0.0,-119.936409,37.568886,2.0
399,"00:03:32,176","00:03:32,709",212.176,1.8,1/610,112,0.0,38.0,56.0,0.0,0.0,-119.936409,37.568886,2.0
400,"00:03:32,709","00:03:33,242",212.709,1.8,1/610,112,0.0,38.0,56.0,0.0,0.0,-119.936409,37.568886,2.0
401,"00:03:33,242","00:03:33,775",213.242,1.8,1/610,112,0.0,38.0,56.0,0.0,0.0,-119.936409,37.568886,2.0
402,"00:03:33,775","00:03:34,308",213.775,1.8,1/610,112,0.0,39.0,56.0,1.6,0.0,-119.936409,37.568886,2.0
403,"00:03:34,308","00:03:34,841",214.308,1.8,1/610,112,0.0,39.0,56.0,1.6,0.0,-119.936409,37.568886,2.0
404,"00:03:34,841","00:03:35,374",214.841,1.8,1/610,112,0.0,42.0,56.0,2.5,0.3,-119.936409,37.568886,2.0
405,"00:03:35,374","00:03:35,908",215.374,1.8,1/610,112,0.0,42.0,56.0,2.5,0.3,-119.936409,37.568886,2.0
406,"00:03:35,908","00:03:36,441",215.90800000000002,1.8,1/610,112,0.0,44.0,56.0,2.5,0.1,-119.936409,37.568886,2.0
407,"00:03:36,441","00:03:36,974",216.441,1.8,1/610,112,0.0,44.0,56.0,2.5,0.1,-119.936409,37.568886,2.0
408,"00:03:36,974","00:03:37,507",216.974,1.8,1/610,112,0.0,46.0,56.0,2.4,0.2,-119.936409,37.568886,2.0
409,"00:03:37,507","00:03:38,040",217.507,1.8,1/610,112,0.0,46.0,56.0,2.4,0.2,-119.936409,37.568886,2.0
410,"00:03:38,040","00:03:38,573",218.04,1.8,1/610,112,0.0,49.0,56.0,2.5,0.0,-119.936409,37.568886,2.0
411,"00:03:38,573","00:03:39,106",218.573,1.8,1/610,112,0.0,49.0,56.0,2.5,0.0,-119.936409,37.568886,2.0
412,"00:03:39,106","00:03:39,639",219.106,1.8,1/610,112,0.0,51.0,56.0,2.5,0.0,-119.936409,37.568886,2.0
413,"00:03:39,639","00:03:40,172",219.639,1.8,1/610,112,0.0,51.0,56.0,2.5,0.0,-119.936409,37.568886,2.0
414,"00:03:40,172","00:03:40,706",220.172,1.8,1/610,112,0.0,54.0,56.0,2.4,0.0,-119.936409,37.568886,2.0
415,"00:03:40,706","00:03:41,239",220.70600000000002,1.8,1/598,113,0.0,57.0,56.0,2.4,0.0,-119.936409,37.568886,2.0
416,"00:03:41,239","00:03:41,772",221.239,1.8,1/595,113,0.0,57.0,56.0,2.4,0.0,-119.936409,37.568886,2.0
417,"00:03:41,772","00:03:42,305",221.772,1.8,1/587,112,0.0,57.0,56.0,2.4,0.0,-119.936409,37.568886,2.0
418,"00:03:42,305","00:03:42,838",222.305,1.8,1/569,112,0.0,60.0,56.0,2.4,0.0,-119.936409,37.568886,2.0
419,"00:03:42,838","00:03:43,371",222.838,1.8,1/569,112,0.0,62.0,56.0,2.4,0.0,-119.936409,37.568886,2.0
420,"00:03:43,371","00:03:43,904",223.371,1.8,1/556,113,0.0,62.0,56.0,2.4,0.0,-119.936409,37.568886,2.0
421,"00:03:43,904","00:03:44,437",223.904,1.8,1/549,113,0.0,64.0,56.0,2.5,0.0,-119.936409,37.568886,2.0
422,"00:03:44,437","00:03:44,970",224.437,1.8,1/549,113,0.0,64.0,56.0,2.5,0.0,-119.936409,37.568886,2.0
423,"00:03:44,970","00:03:45,504",224.97,1.8,1/540,113,0.0,67.0,56.0,2.4,0.0,-119.936409,37.568886,2.0
424,"00:03:45,504","00:03:46,037",225.504,1.8,1/540,113,0.0,67.0,56.0,2.4,0.0,-119.936409,37.568886,2.0
425,"00:03:46,037","00:03:46,570",226.037,1.8,1/540,113,0.0,70.0,56.0,2.4,0.0,-119.936409,37.568886,2.0
426,"00:03:46,570","00:03:47,103",226.57,1.8,1/525,113,0.0,70.0,56.0,2.4,0.0,-119.936409,37.568886,2.0
427,"00:03:47,103","00:03:47,636",227.103,1.8,1/525,113,0.0,72.0,56.0,2.3,0.0,-119.936409,37.568886,2.0
428,"00:03:47,636","00:03:48,169",227.636,1.8,1/525,113,0.0,75.0,56.0,2.5,0.0,-119.936409,37.568886,2.0
429,"00:03:48,169","00:03:48,702",228.16899999999998,1.8,1/508,112,0.0,75.0,56.0,2.5,0.0,-119.936409,37.568886,2.0
430,"00:03:48,702","00:03:49,235",228.702,1.8,1/508,112,0.0,75.0,56.0,2.5,0.0,-119.936409,37.568886,2.0
431,"00:03:49,235","00:03:49,768",229.235,1.8,1/508,112,0.0,78.0,56.0,2.5,0.0,-119.936409,37.568886,2.0
432,"00:03:49,768","00:03:50,301",229.768,1.8,1/498,113,0.0,80.0,56.0,2.5,0.0,-119.936409,37.568886,2.0
433,"00:03:50,301","00:03:50,835",230.301,1.8,1/498,113,0.0,80.0,56.0,2.5,0.0,-119.936409,37.568886,2.0
434,"00:03:50,835","00:03:51,368",230.835,1.8,1/498,113,0.0,83.0,56.0,2.4,0.0,-119.936409,37.568886,2.0
435,"00:03:51,368","00:03:51,901",231.368,1.8,1/498,113,0.0,83.0,56.0,2.4,0.0,-119.936409,37.568886,2.0
436,"00:03:51,901","00:03:52,434",231.901,1.8,1/482,113,0.0,86.0,56.0,2.4,0.0,-119.936409,37.568886,2.0
437,"00:03:52,434","00:03:52,967",232.434,1.8,1/482,113,0.0,86.0,56.0,2.4,0.0,-119.936409,37.568886,2.0
438,"00:03:52,967","00:03:53,500",232.96699999999998,1.8,1/482,113,0.0,89.0,56.0,2.5,0.0,-119.936409,37.568886,2.0
439,"00:03:53,500","00:03:54,033",233.5,1.8,1/480,112,0.0,89.0,56.0,2.5,0.0,-119.936409,37.568886,2.0
440,"00:03:54,033","00:03:54,566",234.03300000000002,1.8,1/468,113,0.0,91.0,56.0,2.5,0.0,-119.936409,37.568886,2.0
441,"00:03:54,566","00:03:55,099",234.566,1.8,1/468,113,0.0,91.0,56.0,2.5,0.0,-119.936409,37.568886,2.0
442,"00:03:55,099","00:03:55,633",235.099,1.8,1/468,113,0.0,93.0,56.0,2.4,0.0,-119.936409,37.568886,2.0
443,"00:03:55,633","00:03:56,166",235.633,1.8,1/455,112,0.0,96.0,56.0,2.5,0.0,-119.936409,37.568886,2.0
444,"00:03:56,166","00:03:56,699",236.166,1.8,1/455,112,0.0,96.0,56.0,2.5,0.0,-119.936409,37.568886,2.0
445,"00:03:56,699","00:03:57,232",236.699,1.8,1/455,112,0.0,96.0,56.0,2.5,0.0,-119.936409,37.568886,2.0
446,"00:03:57,232","00:03:57,765",237.232,1.8,1/440,112,0.0,98.0,56.0,2.4,0.0,-119.936409,37.568886,2.0
447,"00:03:57,765","00:03:58,298",237.765,1.8,1/440,112,0.0,101.0,56.0,2.4,0.2,-119.936409,37.568882,2.0
448,"00:03:58,298","00:03:58,831",238.298,1.8,1/440,112,0.0,101.0,56.0,2.4,0.2,-119.936409,37.568882,2.0
449,"00:03:58,831","00:03:59,364",238.83100000000002,1.8,1/428,113,0.0,104.0,56.0,2.5,0.0,-119.936409,37.568886,2.0
450,"00:03:59,364","00:03:59,897",239.364,1.8,1/428,113,0.0,104.0,56.0,2.5,0.0,-119.936409,37.568886,2.0
451,"00:03:59,897","00:04:00,430",239.897,1.8,1/428,113,0.0,107.0,56.0,2.3,0.1,-119.936409,37.568886,2.0
452,"00:04:00,430","00:04:00,964",240.43,1.8,1/413,113,0.0,107.0,56.0,2.3,0.1,-119.936409,37.568886,2.0
453,"00:04:00,964","00:04:01,497",240.964,1.8,1/409,112,0.0,109.0,56.0,2.4,0.1,-119.936409,37.568886,2.0
454,"00:04:01,497","00:04:02,030",241.497,1.8,1/409,112,0.0,109.0,56.0,2.4,0.1,-119.936409,37.568886,2.0
455,"00:04:02,030","00:04:02,563",242.03,1.8,1/396,112,0.0,111.0,56.0,2.5,0.0,-119.936409,37.568886,2.0
456,"00:04:02,563","00:04:03,096",242.563,1.8,1/396,112,0.0,114.0,56.0,2.5,0.0,-119.936409,37.568886,2.0
457,"00:04:03,096","00:04:03,629",243.096,1.8,1/394,113,0.0,114.0,56.0,2.5,0.0,-119.936409,37.568886,2.0
458,"00:04:03,629","00:04:04,162",243.629,1.8,1/389,112,0.0,114.0,56.0,2.5,0.0,-119.936409,37.568886,2.0
459,"00:04:04,162","00:04:04,695",244.162,1.8,1/384,112,0.0,117.0,56.0,1.6,2.1,-119.936409,37.56889,2.0
460,"00:04:04,695","00:04:05,228",244.695,1.8,1/380,112,0.0,117.0,56.0,1.1,0.3,-119.936424,37.568901,2.0
461,"00:04:05,228","00:04:05,762",245.228,1.8,1/380,112,0.0,117.0,56.0,1.1,0.3,-119.936424,37.568901,2.0
462,"00:04:05,762","00:04:06,295",245.762,1.8,1/380,112,0.0,118.0,56.0,0.6,0.2,-119.936424,37.568901,2.0
463,"00:04:06,295","00:04:06,828",246.295,1.8,1/380,112,0.0,118.0,56.0,0.6,0.2,-119.936424,37.568901,2.0
464,"00:04:06,828","00:04:07,361",246.828,1.8,1/374,112,0.0,119.0,57.0,0.2,0.0,-119.936424,37.568901,2.0
465,"00:04:07,361","00:04:07,894",247.361,1.8,1/374,112,0.0,119.0,57.0,0.2,0.0,-119.936424,37.568901,2.0
466,"00:04:07,894","00:04:08,427",247.894,1.8,1/374,112,0.0,119.0,57.0,0.0,0.0,-119.936424,37.568901,2.0
467,"00:04:08,427","00:04:08,960",248.427,1.8,1/374,112,0.0,119.0,57.0,0.0,0.0,-119.936424,37.568901,2.0
468,"00:04:08,960","00:04:09,493",248.96,1.8,1/374,112,0.0,119.0,56.0,0.0,2.2,-119.936424,37.568901,2.0
469,"00:04:09,493","00:04:10,026",249.493,1.8,1/371,112,0.0,119.0,56.0,0.0,2.2,-119.936424,37.568901,2.0
470,"00:04:10,026","00:04:10,560",250.026,,,,,,,,,,,
471,"00:04:10,560","00:04:11,093",250.56,,,,,,,,,,,
472,"00:04:11,093","00:04:11,626",251.093,,,,,,,,,,,
473,"00:04:11,626","00:04:12,159",251.626,,,,,,,,,,,
474,"00:04:12,159","00:04:12,692",252.159,,,,,,,,,,,
475,"00:04:12,692","00:04:13,225",252.692,,,,,,,,,,,
476,"00:04:13,225","00:04:13,758",253.225,,,,,,,,,,,
477,"00:04:13,758","00:04:14,291",253.758,1.8,1/351,112,0.0,119.0,23.0,0.0,9.1,-119.93679,37.568817,2.0
478,"00:04:14,291","00:04:14,824",254.291,1.8,1/351,112,0.0,119.0,23.0,0.0,9.1,-119.93679,37.568817,2.0
479,"00:04:14,824","00:04:15,357",254.824,1.8,1/351,112,0.0,119.0,14.9,0.0,6.6,-119.936882,37.568798,2.0
480,"00:04:15,357","00:04:15,891",255.357,1.8,1/351,112,0.0,119.0,14.9,0.0,6.6,-119.936882,37.568798,2.0
481,"00:04:15,891","00:04:16,424",255.891,1.8,1/351,112,0.0,119.0,9.2,0.0,4.1,-119.936951,37.568783,2.0
482,"00:04:16,424","00:04:16,957",256.424,1.8,1/351,112,0.0,119.0,9.2,0.0,4.1,-119.936951,37.568783,2.0
483,"00:04:16,957","00:04:17,490",256.957,,,,,,,,,,,
484,"00:04:17,490","00:04:18,023",257.49,,,,,,,,,,,
485,"00:04:18,023","00:04:18,556",258.023,1.8,1/351,112,0.0,119.0,2.8,0.0,1.3,-119.937012,37.568768,2.0
486,"00:04:18,556","00:04:19,089",258.556,1.8,1/351,112,0.0,119.0,2.8,0.0,1.3,-119.937012,37.568768,2.0
487,"00:04:19,089","00:04:19,622",259.089,1.8,1/351,112,0.0,119.0,1.9,0.0,1.0,-119.937027,37.568764,2.0
488,"00:04:19,622","00:04:20,155",259.622,1.8,1/351,112,0.0,119.0,0.8,0.0,1.0,-119.937035,37.56876,2.0
489,"00:04:20,155","00:04:20,689",260.155,1.8,1/351,112,0.0,119.0,0.8,0.0,1.0,-119.937035,37.56876,2.0
490,"00:04:20,689","00:04:21,222",260.689,1.8,1/351,112,0.0,119.0,0.0,0.0,0.3,-119.937035,37.56876,2.0
491,"00:04:21,222","00:04:21,755",261.222,1.8,1/351,112,0.0,119.0,0.0,0.0,0.3,-119.937035,37.56876,2.0
492,"00:04:21,755","00:04:22,288",261.755,1.8,1/351,112,0.0,119.0,0.2,0.0,0.0,-119.93705,37.56876,2.0
493,"00:04:22,288","00:04:22,821",262.288,1.8,1/351,112,0.0,119.0,0.2,0.0,0.0,-119.93705,37.56876,2.0
494,"00:04:22,821","00:04:23,354",262.821,1.8,1/351,112,0.0,119.0,0.2,0.0,0.0,-119.93705,37.56876,2.0
495,"00:04:23,354","00:04:23,887",263.354,1.8,1/351,112,0.0,119.0,0.2,0.0,0.0,-119.93705,37.56876,2.0
496,"00:04:23,887","00:04:24,420",263.887,,,,,,,,,,,
497,"00:04:24,420","00:04:24,953",264.42,,,,,,,,,,,
498,"00:04:24,953","00:04:25,486",264.953,,,,,,,,,,,
499,"00:04:25,486","00:04:26,020",265.486,,,,,,,,,,,
500,"00:04:26,020","00:04:26,553",266.02,,,,,,,,,,,
501,"00:04:26,553","00:04:27,086",266.553,,,,,,,,,,,
502,"00:04:27,086","00:04:27,619",267.086,,,,,,,,,,,
503,"00:04:27,619","00:04:28,152",267.619,,,,,,,,,,,
504,"00:04:28,152","00:04:28,685",268.152,,,,,,,,,,,
505,"00:04:28,685","00:04:29,218",268.685,,,,,,,,,,,
506,"00:04:29,218","00:04:29,751",269.218,,,,,,,,,,,
507,"00:04:29,751","00:04:30,284",269.751,,,,,,,,,,,
508,"00:04:30,284","00:04:30,818",270.284,,,,,,,,,,,
509,"00:04:30,818","00:04:31,351",270.818,,,,,,,,,,,
510,"00:04:31,351","00:04:31,884",271.351,,,,,,,,,,,
511,"00:04:31,884","00:04:32,417",271.884,,,,,,,,,,,
512,"00:04:32,417","00:04:32,950",272.41700000000003,,,,,,,,,,,
513,"00:04:32,950","00:04:33,483",272.95,,,,,,,,,,,
514,"00:04:33,483","00:04:34,016",273.483,,,,,,,,,,,
515,"00:04:34,016","00:04:34,549",274.016,,,,,,,,,,,
516,"00:04:34,549","00:04:35,082",274.549,,,,,,,,,,,
517,"00:04:35,082","00:04:35,616",275.082,,,,,,,,,,,
518,"00:04:35,616","00:04:36,149",275.616,,,,,,,,,,,
519,"00:04:36,149","00:04:36,682",276.149,,,,,,,,,,,
520,"00:04:36,682","00:04:37,215",276.682,,,,,,,,,,,
521,"00:04:37,215","00:04:37,748",277.21500000000003,,,,,,,,,,,
522,"00:04:37,748","00:04:38,281",277.748,,,,,,,,,,,
523,"00:04:38,281","00:04:38,814",278.281,,,,,,,,,,,
524,"00:04:38,814","00:04:39,347",278.814,,,,,,,,,,,
525,"00:04:39,347","00:04:39,880",279.347,,,,,,,,,,,
526,"00:04:39,880","00:04:40,413",279.88,,,,,,,,,,,
527,"00:04:40,413","00:04:40,947",280.413,,,,,,,,,,,
528,"00:04:40,947","00:04:41,480",280.947,,,,,,,,,,,
529,"00:04:41,480","00:04:42,013",281.48,,,,,,,,,,,
530,"00:04:42,013","00:04:42,546",282.013,,,,,,,,,,,
531,"00:04:42,546","00:04:43,079",282.546,,,,,,,,,,,
532,"00:04:43,079","00:04:43,612",283.079,,,,,,,,,,,
533,"00:04:43,612","00:04:44,145",283.612,,,,,,,,,,,
534,"00:04:44,145","00:04:44,678",284.145,,,,,,,,,,,
535,"00:04:44,678","00:04:45,211",284.678,,,,,,,,,,,
536,"00:04:45,211","00:04:45,745",285.211,,,,,,,,,,,
537,"00:04:45,745","00:04:46,278",285.745,,,,,,,,,,,
538,"00:04:46,278","00:04:46,811",286.278,,,,,,,,,,,
539,"00:04:46,811","00:04:47,344",286.811,,,,,,,,,,,
540,"00:04:47,344","00:04:47,877",287.344,,,,,,,,,,,
541,"00:04:47,877","00:04:48,410",287.877,,,,,,,,,,,
542,"00:04:48,410","00:04:48,943",288.40999999999997,,,,,,,,,,,
543,"00:04:48,943","00:04:49,476",288.943,,,,,,,,,,,
544,"00:04:49,476","00:04:50,009",289.476,,,,,,,,,,,
545,"00:04:50,009","00:04:50,542",290.009,,,,,,,,,,,
546,"00:04:50,542","00:04:51,076",290.54200000000003,,,,,,,,,,,
547,"00:04:51,076","00:04:51,609",291.076,,,,,,,,,,,
548,"00:04:51,609","00:04:52,142",291.609,,,,,,,,,,,
549,"00:04:52,142","00:04:52,675",292.142,,,,,,,,,,,
550,"00:04:52,675","00:04:53,208",292.675,,,,,,,,,,,
551,"00:04:53,208","00:04:53,741",293.20799999999997,,,,,,,,,,,
552,"00:04:53,741","00:04:54,274",293.741,,,,,,,,,,,
553,"00:04:54,274","00:04:54,807",294.274,,,,,,,,,,,
554,"00:04:54,807","00:04:55,340",294.807,,,,,,,,,,,
555,"00:04:55,340","00:04:55,874",295.34000000000003,,,,,,,,,,,
556,"00:04:55,874","00:04:56,407",295.874,,,,,,,,,,,
557,"00:04:56,407","00:04:56,940",296.407,,,,,,,,,,,
558,"00:04:56,940","00:04:57,473",296.94,,,,,,,,,,,
559,"00:04:57,473","00:04:58,006",297.473,,,,,,,,,,,
560,"00:04:58,006","00:04:58,539",298.006,,,,,,,,,,,
561,"00:04:58,539","00:04:59,072",298.539,,,,,,,,,,,
562,"00:04:59,072","00:04:59,605",299.072,,,,,,,,,,,
563,"00:04:59,605","00:05:00,138",299.605,,,,,,,,,,,
564,"00:05:00,138","00:05:00,672",300.138,,,,,,,,,,,
565,"00:05:00,672","00:05:01,205",300.672,,,,,,,,,,,
566,"00:05:01,205","00:05:01,738",301.205,,,,,,,,,,,
567,"00:05:01,738","00:05:02,271",301.738,,,,,,,,,,,
568,"00:05:02,271","00:05:02,804",302.271,,,,,,,,,,,
569,"00:05:02,804","00:05:03,337",302.804,,,,,,,,,,,
570,"00:05:03,337","00:05:03,870",303.337,,,,,,,,,,,
571,"00:05:03,870","00:05:04,403",303.87,,,,,,,,,,,
572,"00:05:04,403","00:05:04,936",304.403,,,,,,,,,,,
573,"00:05:04,936","00:05:05,469",304.936,,,,,,,,,,,
574,"00:05:05,469","00:05:06,003",305.469,,,,,,,,,,,
575,"00:05:06,003","00:05:06,536",306.003,,,,,,,,,,,
576,"00:05:06,536","00:05:07,069",306.536,,,,,,,,,,,
577,"00:05:07,069","00:05:07,602",307.069,,,,,,,,,,,
578,"00:05:07,602","00:05:08,135",307.602,,,,,,,,,,,
579,"00:05:08,135","00:05:08,668",308.135,,,,,,,,,,,
580,"00:05:08,668","00:05:09,201",308.668,,,,,,,,,,,
581,"00:05:09,201","00:05:09,734",309.201,,,,,,,,,,,
582,"00:05:09,734","00:05:10,267",309.734,,,,,,,,,,,
583,"00:05:10,267","00:05:10,801",310.267,,,,,,,,,,,
584,"00:05:10,801","00:05:11,334",310.801,,,,,,,,,,,
585,"00:05:11,334","00:05:11,867",311.334,,,,,,,,,,,
586,"00:05:11,867","00:05:12,400",311.867,,,,,,,,,,,
587,"00:05:12,400","00:05:12,933",312.4,,,,,,,,,,,
588,"00:05:12,933","00:05:13,466",312.933,,,,,,,,,,,
589,"00:05:13,466","00:05:13,999",313.466,,,,,,,,,,,
590,"00:05:13,999","00:05:14,532",313.999,,,,,,,,,,,
591,"00:05:14,532","00:05:15,065",314.532,,,,,,,,,,,
592,"00:05:15,065","00:05:15,598",315.065,,,,,,,,,,,
593,"00:05:15,598","00:05:16,132",315.598,,,,,,,,,,,
594,"00:05:16,132","00:05:16,665",316.132,,,,,,,,,,,
595,"00:05:16,665","00:05:17,198",316.665,1.8,1/1277,114,0.0,1.7,0.1,0.4,0.3,-119.937035,37.56876,2.0
596,"00:05:17,198","00:05:17,731",317.198,1.8,1/1332,114,0.0,1.7,0.1,0.4,0.3,-119.937035,37.56876,2.0
597,"00:05:17,731","00:05:18,264",317.731,1.8,1/1370,115,0.0,2.2,0.2,0.1,0.0,-119.93705,37.56876,2.0
598,"00:05:18,264","00:05:18,797",318.264,1.8,1/1370,115,0.0,2.2,0.2,0.1,0.0,-119.93705,37.56876,2.0
599,"00:05:18,797","00:05:19,330",318.797,1.8,1/1370,115,0.0,2.2,0.6,0.0,0.6,-119.93705,37.568756,2.0
600,"00:05:19,330","00:05:19,863",319.33,1.8,1/1370,115,0.0,2.2,0.6,0.0,0.6,-119.93705,37.568756,2.0
601,"00:05:19,863","00:05:20,396",319.863,,,,,,,,,,,
602,"00:05:20,396","00:05:20,930",320.396,,,,,,,,,,,
603,"00:05:20,930","00:05:21,463",320.93,1.8,1/1370,115,0.0,2.1,0.9,0.0,0.2,-119.937035,37.56876,2.0
604,"00:05:21,463","00:05:21,996",321.463,1.8,1/1410,113,0.0,2.1,0.9,0.0,0.2,-119.937035,37.56876,2.0
605,"00:05:21,996","00:05:22,529",321.996,1.8,1/1410,113,0.0,2.0,1.0,0.0,0.7,-119.937027,37.56876,2.0
606,"00:05:22,529","00:05:23,062",322.529,1.8,1/1410,113,0.0,2.0,1.0,0.0,0.7,-119.937027,37.56876,2.0
607,"00:05:23,062","00:05:23,595",323.062,1.8,1/1410,113,0.0,2.1,1.4,0.8,0.6,-119.937027,37.568768,2.0
608,"00:05:23,595","00:05:24,128",323.595,1.8,1/1410,113,0.0,2.1,1.4,0.8,0.6,-119.937027,37.568768,2.0
609,"00:05:24,128","00:05:24,661",324.128,1.8,1/1410,113,0.0,2.2,1.5,0.0,0.1,-119.937035,37.568768,2.0
610,"00:05:24,661","00:05:25,194",324.661,1.8,1/1410,113,0.0,2.3,1.5,0.0,0.5,-119.937035,37.568768,2.0
611,"00:05:25,194","00:05:25,728",325.194,1.8,1/1410,113,0.0,2.3,1.5,0.0,0.5,-119.937035,37.568768,2.0
612,"00:05:25,728","00:05:26,261",325.728,1.8,1/1410,113,0.0,2.3,1.5,0.0,0.5,-119.937035,37.568768,2.0
613,"00:05:26,261","00:05:26,794",326.261,1.8,1/1410,113,0.0,2.2,1.3,0.0,0.0,-119.937035,37.568768,2.0
614,"00:05:26,794","00:05:27,327",326.794,1.8,1/1410,113,0.0,2.3,1.2,0.0,0.0,-119.937035,37.568768,2.0
615,"00:05:27,327","00:05:27,860",327.327,1.8,1/1410,113,0.0,2.3,1.2,0.0,0.0,-119.937035,37.568768,2.0
616,"00:05:27,860","00:05:28,393",327.86,1.8,1/1410,113,0.0,2.3,1.5,0.1,0.0,-119.937035,37.568771,2.0
617,"00:05:28,393","00:05:28,926",328.39300000000003,1.8,1/1410,113,0.0,2.3,1.5,0.1,0.0,-119.937035,37.568771,2.0
618,"00:05:28,926","00:05:29,459",328.926,1.8,1/1410,113,0.0,2.4,1.4,0.0,0.0,-119.937035,37.568768,2.0
619,"00:05:29,459","00:05:29,992",329.459,1.8,1/1410,113,0.0,2.4,1.4,0.0,0.0,-119.937035,37.568768,2.0
620,"00:05:29,992","00:05:30,525",329.992,1.8,1/1453,114,0.0,2.4,1.3,0.0,0.0,-119.937035,37.568768,2.0
621,"00:05:30,525","00:05:31,059",330.525,1.8,1/1629,114,0.0,2.4,1.3,0.0,0.0,-119.937035,37.568768,2.0
622,"00:05:31,059","00:05:31,592",331.059,1.8,1/1629,114,0.0,2.4,1.3,0.0,0.5,-119.937035,37.568768,2.0
623,"00:05:31,592","00:05:32,125",331.592,1.8,1/1629,114,0.0,2.4,1.3,0.0,0.5,-119.937035,37.568768,2.0
624,"00:05:32,125","00:05:32,658",332.125,1.8,1/1629,114,0.0,2.4,0.7,0.1,0.7,-119.937035,37.568764,2.0
625,"00:05:32,658","00:05:33,191",332.658,1.8,1/1629,114,0.0,2.4,0.3,0.0,0.0,-119.937035,37.56876,2.0
626,"00:05:33,191","00:05:33,724",333.19100000000003,1.8,1/1629,115,0.0,2.4,0.3,0.0,0.0,-119.937035,37.56876,2.0
627,"00:05:33,724","00:05:34,257",333.724,1.8,1/1295,114,0.0,2.4,0.3,0.0,0.0,-119.937035,37.56876,2.0
628,"00:05:34,257","00:05:34,790",334.257,1.8,1/1099,113,0.0,2.4,0.3,0.0,0.0,-119.937035,37.56876,2.0
629,"00:05:34,790","00:05:35,323",334.79,1.8,1/909,113,0.0,2.4,0.3,0.0,0.0,-119.937035,37.56876,2.0
630,"00:05:35,323","00:05:35,857",335.323,1.8,1/822,113,0.0,2.4,0.3,0.0,0.0,-119.937035,37.56876,2.0
631,"00:05:35,857","00:05:36,390",335.85699999999997,1.8,1/808,113,0.0,2.4,0.3,0.0,0.0,-119.937035,37.56876,2.0
632,"00:05:36,390","00:05:36,923",336.39,1.8,1/808,113,0.0,2.4,0.3,0.0,0.0,-119.937035,37.56876,2.0
633,"00:05:36,923","00:05:37,456",336.923,1.8,1/808,113,0.0,2.4,0.5,0.0,0.7,-119.937035,37.56876,2.0
634,"00:05:37,456","00:05:37,989",337.456,1.8,1/844,113,0.0,2.4,0.5,0.0,0.7,-119.937035,37.56876,2.0
635,"00:05:37,989","00:05:38,522",337.989,1.8,1/867,112,0.0,2.7,0.7,0.7,0.0,-119.937035,37.568764,2.0
636,"00:05:38,522","00:05:39,055",338.522,1.8,1/867,112,0.0,2.7,0.7,0.7,0.0,-119.937035,37.568764,2.0
637,"00:05:39,055","00:05:39,588",339.055,1.8,1/867,112,0.0,2.8,0.8,0.7,0.0,-119.937035,37.568764,2.0
638,"00:05:39,588","00:05:40,121",339.588,1.8,1/852,113,0.0,3.0,0.9,0.0,0.0,-119.937035,37.568764,2.0
639,"00:05:40,121","00:05:40,654",340.121,1.8,1/852,113,0.0,3.0,0.9,0.0,0.0,-119.937035,37.568764,2.0
640,"00:05:40,654","00:05:41,188",340.654,1.8,1/852,113,0.0,3.0,0.9,0.0,0.0,-119.937035,37.568764,2.0
641,"00:05:41,188","00:05:41,721",341.188,1.8,1/852,113,0.0,3.0,0.8,0.0,0.0,-119.937035,37.568764,2.0
642,"00:05:41,721","00:05:42,254",341.721,1.8,1/852,113,0.0,3.0,0.8,0.0,0.0,-119.937035,37.568764,2.0
643,"00:05:42,254","00:05:42,787",342.254,1.8,1/852,113,0.0,3.0,0.8,0.0,0.0,-119.937035,37.568764,2.0
644,"00:05:42,787","00:05:43,320",342.787,,,,,,,,,,,
645,"00:05:43,320","00:05:43,853",343.32,,,,,,,,,,,
646,"00:05:43,853","00:05:44,386",343.853,,,,,,,,,,,
647,"00:05:44,386","00:05:44,919",344.386,,,,,,,,,,,
648,"00:05:44,919","00:05:45,452",344.919,,,,,,,,,,,
649,"00:05:45,452","00:05:45,986",345.452,,,,,,,,,,,
650,"00:05:45,986","00:05:46,519",345.986,,,,,,,,,,,
651,"00:05:46,519","00:05:47,052",346.519,,,,,,,,,,,
652,"00:05:47,052","00:05:47,585",347.052,1.8,1/700,113,0.0,2.1,0.8,0.0,0.0,-119.937035,37.568764,1.5
653,"00:05:47,585","00:05:48,118",347.585,1.8,1/808,113,0.0,2.1,0.8,0.0,0.0,-119.937035,37.568764,1.5
654,"00:05:48,118","00:05:48,651",348.118,1.8,1/964,114,0.0,2.1,0.8,0.0,0.0,-119.937035,37.568764,1.5
655,"00:05:48,651","00:05:49,184",348.651,1.8,1/1167,114,0.0,2.1,0.8,0.0,0.0,-119.937035,37.568764,1.5
656,"00:05:49,184","00:05:49,717",349.18399999999997,1.8,1/1261,114,0.0,2.3,0.8,0.5,0.0,-119.937035,37.568764,1.5
657,"00:05:49,717","00:05:50,250",349.717,1.8,1/1261,114,0.0,2.4,0.5,0.0,0.3,-119.937035,37.568764,1.5
658,"00:05:50,250","00:05:50,784",350.25,1.8,1/1312,113,0.0,2.4,0.5,0.0,0.3,-119.937035,37.568764,1.5
659,"00:05:50,784","00:05:51,317",350.784,,,,,,,,,,,
660,"00:05:51,317","00:05:51,850",351.317,,,,,,,,,,,
661,"00:05:51,850","00:05:52,383",351.85,1.8,1/1391,115,0.0,2.1,0.2,0.0,0.1,-119.93705,37.56876,1.5
662,"00:05:52,383","00:05:52,916",352.383,1.8,1/1182,114,0.0,2.1,0.2,0.0,0.1,-119.93705,37.56876,1.5
663,"00:05:52,916","00:05:53,449",352.916,1.8,1/1016,113,0.0,2.1,0.5,0.0,1.0,-119.937035,37.568764,1.5
664,"00:05:53,449","00:05:53,982",353.449,1.8,1/955,113,0.0,2.1,0.5,0.0,1.0,-119.937035,37.568764,1.5
665,"00:05:53,982","00:05:54,515",353.98199999999997,1.8,1/955,113,0.0,2.1,1.1,0.0,0.4,-119.937035,37.568768,1.5
666,"00:05:54,515","00:05:55,048",354.515,1.8,1/955,113,0.0,2.1,1.1,0.0,0.4,-119.937035,37.568768,1.5
667,"00:05:55,048","00:05:55,581",355.048,,,,,,,,,,,
668,"00:05:55,581","00:05:56,115",355.581,,,,,,,,,,,
669,"00:05:56,115","00:05:56,648",356.115,,,,,,,,,,,
670,"00:05:56,648","00:05:57,181",356.648,,,,,,,,,,,
671,"00:05:57,181","00:05:57,714",357.181,1.8,1/566,112,0.0,2.7,2.6,0.0,0.2,-119.937027,37.568779,1.5
672,"00:05:57,714","00:05:58,247",357.714,1.8,1/531,113,0.0,2.7,2.8,0.1,0.0,-119.937027,37.568779,1.5
673,"00:05:58,247","00:05:58,780",358.247,1.8,1/540,113,0.0,2.7,2.8,0.1,0.0,-119.937027,37.568779,1.5
674,"00:05:58,780","00:05:59,313",358.78,1.8,1/580,113,0.0,2.8,2.9,0.0,0.1,-119.937027,37.568779,1.5
675,"00:05:59,313","00:05:59,846",359.313,1.8,1/580,113,0.0,2.8,2.9,0.0,0.1,-119.937027,37.568779,1.5
676,"00:05:59,846","00:06:00,379",359.846,1.8,1/580,113,0.0,2.7,2.6,0.0,0.8,-119.937027,37.568779,1.5
677,"00:06:00,379","00:06:00,913",360.379,1.8,1/580,113,0.0,2.7,2.6,0.0,0.8,-119.937027,37.568779,1.5
678,"00:06:00,913","00:06:01,446",360.913,1.8,1/580,113,0.0,3.0,2.0,1.1,0.0,-119.937027,37.568779,1.5
679,"00:06:01,446","00:06:01,979",361.446,1.8,1/610,112,0.0,3.0,2.0,1.1,0.0,-119.937027,37.568779,1.5
680,"00:06:01,979","00:06:02,512",361.979,,,,,,,,,,,
681,"00:06:02,512","00:06:03,045",362.512,,,,,,,,,,,
682,"00:06:03,045","00:06:03,578",363.045,,,,,,,,,,,
683,"00:06:03,578","00:06:04,111",363.578,,,,,,,,,,,
684,"00:06:04,111","00:06:04,644",364.111,,,,,,,,,,,
685,"00:06:04,644","00:06:05,177",364.644,1.8,1/680,112,0.0,2.0,1.9,0.0,0.0,-119.937027,37.568775,1.5
686,"00:06:05,177","00:06:05,710",365.177,1.8,1/643,113,0.0,2.0,1.9,0.0,0.0,-119.937027,37.568775,1.5
687,"00:06:05,710","00:06:06,244",365.71,1.8,1/602,113,0.0,1.9,1.9,0.0,0.0,-119.937027,37.568775,1.5
688,"00:06:06,244","00:06:06,777",366.244,1.8,1/598,113,0.0,1.9,1.9,0.0,0.0,-119.937027,37.568775,1.5
689,"00:06:06,777","00:06:07,310",366.777,,,,,,,,,,,
690,"00:06:07,310","00:06:07,843",367.31,,,,,,,,,,,
691,"00:06:07,843","00:06:08,376",367.843,,,,,,,,,,,
692,"00:06:08,376","00:06:08,909",368.376,,,,,,,,,,,
693,"00:06:08,909","00:06:09,442",368.909,,,,,,,,,,,
694,"00:06:09,442","00:06:09,975",369.442,,,,,,,,,,,
695,"00:06:09,975","00:06:10,508",369.975,1.8,1/591,112,0.0,1.4,1.9,0.0,0.0,-119.937027,37.568779,1.5
696,"00:06:10,508","00:06:11,042",370.508,1.8,1/591,112,0.0,1.4,1.9,0.0,0.0,-119.937027,37.568779,1.5
697,"00:06:11,042","00:06:11,575",371.042,1.8,1/591,112,0.0,0.0,0.0,0.0,0.0,-119.937027,37.568779,1.5
698,"00:06:11,575","00:06:12,108",371.575,1.8,1/591,112,0.0,0.0,0.0,0.0,0.0,-119.937027,37.568779,1.5
699,"00:06:12,108","00:06:12,641",372.108,1.8,1/591,112,0.0,0.0,0.0,0.0,0.0,-119.937027,37.568779,1.5
700,"00:06:12,641","00:06:13,174",372.641,1.8,1/591,112,0.0,0.0,0.0,0.0,0.0,-119.937027,37.568779,1.5
701,"00:06:13,174","00:06:13,707",373.174,1.8,1/591,112,0.0,0.0,0.0,0.0,0.0,-119.937027,37.568779,1.5
702,"00:06:13,707","00:06:14,240",373.707,1.8,1/591,112,0.0,0.0,0.0,0.0,0.0,-119.937027,37.568779,1.5
703,"00:06:14,240","00:06:14,773",374.24,1.8,1/591,112,0.0,0.0,0.0,0.0,0.0,-119.937027,37.568779,1.5
704,"00:06:14,773","00:06:15,306",374.773,1.8,1/591,112,0.0,0.0,0.0,0.0,0.0,-119.937027,37.568779,1.5
705,"00:06:15,306","00:06:15,840",375.306,1.8,1/591,112,0.0,0.0,0.0,0.0,0.0,-119.937027,37.568779,1.5
706,"00:06:15,840","00:06:16,373",375.84,1.8,1/591,112,0.0,0.0,0.0,0.0,0.0,-119.937027,37.568779,1.5
707,"00:06:16,373","00:06:16,906",376.373,1.8,1/591,112,0.0,0.0,0.0,0.0,0.0,-119.937027,37.568779,1.5
708,"00:06:16,906","00:06:17,439",376.906,1.8,1/591,112,0.0,0.0,0.0,0.0,0.0,-119.937027,37.568779,1.5
709,"00:06:17,439","00:06:17,972",377.439,1.8,1/591,112,0.0,0.0,0.0,0.0,0.0,-119.937027,37.568779,1.5
710,"00:06:17,972","00:06:18,505",377.972,1.8,1/591,112,0.0,0.0,0.0,0.0,0.0,-119.937027,37.568779,1.5
711,"00:06:18,505","00:06:19,038",378.505,1.8,1/591,112,0.0,0.0,0.0,0.0,0.0,-119.937027,37.568779,1.5
712,"00:06:19,038","00:06:19,571",379.038,1.8,1/591,112,0.0,0.0,0.0,0.0,0.0,-119.937027,37.568779,1.5
713,"00:06:19,571","00:06:20,104",379.571,1.8,1/591,112,0.0,0.0,0.0,0.0,0.0,-119.937027,37.568779,1.5
714,"00:06:20,104","00:06:20,637",380.104,1.8,1/591,112,0.0,0.0,0.0,0.0,0.0,-119.937027,37.568779,1.5
715,"00:06:20,637","00:06:21,171",380.637,1.8,1/591,112,0.0,0.0,0.0,0.0,0.0,-119.937027,37.568779,1.5
716,"00:06:21,171","00:06:21,704",381.171,1.8,1/591,112,0.0,0.0,0.0,0.0,0.0,-119.937027,37.568779,1.5
717,"00:06:21,704","00:06:22,237",381.704,1.8,1/595,112,0.0,0.0,0.0,0.0,0.0,-119.937027,37.568779,1.5
718,"00:06:22,237","00:06:22,770",382.237,1.8,1/643,112,0.0,0.0,0.0,0.0,0.0,-119.937027,37.568779,1.5
719,"00:06:22,770","00:06:23,303",382.77,1.8,1/675,113,0.0,0.0,0.0,0.0,0.0,-119.937027,37.568779,1.5
720,"00:06:23,303","00:06:23,836",383.303,1.8,1/675,113,0.0,0.0,0.0,0.0,0.0,-119.937027,37.568779,1.5
721,"00:06:23,836","00:06:24,369",383.836,1.8,1/675,113,0.0,0.0,0.0,0.0,0.0,-119.937027,37.568779,1.5
722,"00:06:24,369","00:06:24,902",384.369,1.8,1/675,113,0.0,0.0,0.0,0.0,0.0,-119.937027,37.568779,1.5
723,"00:06:24,902","00:06:25,435",384.902,1.8,1/700,113,0.0,0.0,0.0,0.0,0.0,-119.937027,37.568779,1.5
724,"00:06:25,435","00:06:25,969",385.435,1.8,1/700,113,0.0,0.0,0.0,0.0,0.0,-119.937027,37.568779,1.5
725,"00:06:25,969","00:06:26,502",385.969,1.8,1/700,113,0.0,0.0,0.0,0.0,0.0,-119.937027,37.568779,1.5
726,"00:06:26,502","00:06:27,035",386.502,1.8,1/700,113,0.0,0.0,0.0,0.0,0.0,-119.937027,37.568779,1.5
